Số điện thoại,Trace ID,Request,Kênh đăng nhập,Thiết bị,Os,OsVersion,AppVersion,IMei,Trạng thái,Ngày yêu cầu,Ngày phản hồi,IPRequest,ResCode,Description,MsgCode,DescDetail,MID,MDESC,Phân loại dịch vụ bậc 1,Phân loại dịch vụ bậc 2
xxxxxxx697,88363326782155,59,"PREMB_10.53.93.127:9080, MB_10.53.93.67:8081",SM-A325F,ANDROID,33,5.2.19,###8662a0d019b5fb95###ffffffff-b7a4-66d3-ffff-ffffef05ac4a,Success,2023-10-19 20:41:51,2023-10-19 20:41:51,222.252.104.108:36656|10.53.54.81_Prod,00,Thành công,INFO-00,,59,Lấy thông tin version,Sử dụng thông thường,Lấy thông tin dịch vụ
xxxxxxx697,738234058259856,1,"PREMB_10.53.93.59:9080, MB_10.53.93.135:8081",SM-A325F,ANDROID,33,5.2.19,###8662a0d019b5fb95###ffffffff-b7a4-66d3-ffff-ffffef05ac4a,Success,2023-10-19 20:41:50,2023-10-19 20:41:50,222.252.104.108:35046|10.53.54.83_Prod,777,"BIDV đã tích hợp phương thức xác thực Smart OTP trên SmartBanking đối với kênh Mobile và Internet cho phép Quý khách sử dụng và xác thực giao dịch thuận tiện, bảo mật với mã OTP. Quý khách vui lòng cài đặt Smart OTP và đặt mã PIN để bảo mật mã OTP khi xác thực giao dịch",AUTOACTIVESOTP-777,,1,Đăng nhập,Xác thực và Bảo mật,Đăng nhập
xxxxxxxx96,414697559140818,10,"PREMB_10.53.93.64:9080, MB_10.53.93.72:8088",SM-A105G,ANDROID,29,5.2.19,###06c9f61ca7e332b9###00000000-3378-c3c9-ffff-ffffef05ac4a,Success,2023-10-19 18:56:41,2023-10-19 18:56:40,171.252.155.151:57633|10.53.54.72_Prod,00,Thành công,INFO-00,,10,Lấy danh sách tài khoản,Sử dụng thông thường,Lấy thông tin giao dịch
xxxxxxxx96,651335591188110,101,"PREMB_10.53.93.65:9080, MB_10.53.93.71:8088",SM-A105G,ANDROID,29,5.2.19,###06c9f61ca7e332b9###00000000-3378-c3c9-ffff-ffffef05ac4a,Success,2023-10-19 18:56:36,2023-10-19 18:56:35,171.252.155.151:22821|10.53.54.72_Prod,00,Success,INFO-00,,101,Xác nhận chuyển khoản nội bộ,Chuyển tiền,Dịch vụ chuyển khoản nội bộ
xxxxxxxx96,9168398976182,100,"PREMB_10.53.93.136:9080, MB_10.53.93.72:8088",SM-A105G,ANDROID,29,5.2.19,###06c9f61ca7e332b9###00000000-3378-c3c9-ffff-ffffef05ac4a,Success,2023-10-19 18:56:23,2023-10-19 18:56:22,171.252.155.151:50254|10.53.54.87_Prod,00,Thành công,INFO-00,,100,Khởi tạo chuyển khoản nội bộ,Chuyển tiền,Dịch vụ chuyển khoản nội bộ
xxxxxxxx96,912705204934307,200,"PREMB_10.53.93.64:9080, MB_10.53.93.70:8088",SM-A105G,ANDROID,29,5.2.19,###06c9f61ca7e332b9###00000000-3378-c3c9-ffff-ffffef05ac4a,Success,2023-10-19 18:55:48,2023-10-19 18:55:47,171.252.155.151:49656|10.53.54.72_Prod,00,Thành công,00,,200,Lấy thông tin tài khoản chuyển khoản nội bộ,Lấy thông tin,Lấy thông tin giao dịch
xxxxxxxx96,309338223106075,705,"PREMB_10.53.93.55:9080, MB_10.53.93.137:8083",SM-A105G,ANDROID,29,5.2.19,###06c9f61ca7e332b9###00000000-3378-c3c9-ffff-ffffef05ac4a,Success,2023-10-19 18:54:06,2023-10-19 18:54:06,171.252.155.151:62784|10.53.54.82_Prod,00,Thành công,00,,705,Loyalty: Lấy ds quà tặng gợi ý,Dịch vụ khác,Dịch vụ khách hàng trung thành
xxxxxxxx96,225971665132078,718,"PREMB_10.53.93.55:9080, MB_10.53.93.75:8083",SM-A105G,ANDROID,29,5.2.19,###06c9f61ca7e332b9###00000000-3378-c3c9-ffff-ffffef05ac4a,Success,2023-10-19 18:54:06,2023-10-19 18:54:06,171.252.155.151:60116|10.53.54.91_Prod,00,Thành công,00,,718,Loyalty: Lấy danh mục quà tặng (màn hình home),Dịch vụ khác,Dịch vụ khách hàng trung thành
xxxxxxxx96,420763952673585,704,"PREMB_10.53.93.56:9080, MB_10.53.93.137:8083",SM-A105G,ANDROID,29,5.2.19,###06c9f61ca7e332b9###00000000-3378-c3c9-ffff-ffffef05ac4a,Success,2023-10-19 18:54:06,2023-10-19 18:54:06,171.252.155.151:34777|10.53.54.91_Prod,00,Thành công,00,,704,Loyalty: Lấy ds quà tặng yêu thích,Dịch vụ khác,Dịch vụ khách hàng trung thành
xxxxxxxx96,41275814035762,722,"PREMB_10.53.93.127:9080, MB_10.53.93.76:8083",SM-A105G,ANDROID,29,5.2.19,###06c9f61ca7e332b9###00000000-3378-c3c9-ffff-ffffef05ac4a,Success,2023-10-19 18:54:06,2023-10-19 18:54:06,171.252.155.151:62764|10.53.54.82_Prod,00,Thành công,00,,722,Loyalty: Lấy ds quà hot deal,Dịch vụ khác,Dịch vụ khách hàng trung thành
xxxxxxxx96,31381008296820,700,"PREMB_10.53.93.127:9080, MB_10.53.93.137:8083",SM-A105G,ANDROID,29,5.2.19,###06c9f61ca7e332b9###00000000-3378-c3c9-ffff-ffffef05ac4a,Success,2023-10-19 18:54:05,2023-10-19 18:54:05,171.252.155.151:27890|10.53.54.82_Prod,00,Thành công,00,,700,"Loyalty: Kiểm tra KH có tk?, chi tiết tk",Dịch vụ khác,Dịch vụ khách hàng trung thành
xxxxxxxx96,730496889521563,10,"PREMB_10.53.93.136:9080, MB_10.53.93.71:8088",SM-A105G,ANDROID,29,5.2.19,###06c9f61ca7e332b9###00000000-3378-c3c9-ffff-ffffef05ac4a,Success,2023-10-19 18:53:48,2023-10-19 18:53:47,171.252.155.151:37412|10.53.54.87_Prod,00,Thành công,INFO-00,,10,Lấy danh sách tài khoản,Sử dụng thông thường,Lấy thông tin giao dịch
xxxxxxxx96,468415171908620,59,"PREMB_10.53.93.54:9080, MB_10.53.93.68:8081",SM-A105G,ANDROID,29,5.2.19,###06c9f61ca7e332b9###00000000-3378-c3c9-ffff-ffffef05ac4a,Success,2023-10-19 18:53:43,2023-10-19 18:53:43,171.252.155.151:15581|10.53.54.91_Prod,00,Thành công,INFO-00,,59,Lấy thông tin version,Sử dụng thông thường,Lấy thông tin dịch vụ
xxxxxxxx96,348313532666501,1,"PREMB_10.53.93.60:9080, MB_10.53.93.68:8081",SM-A105G,ANDROID,29,5.2.19,###06c9f61ca7e332b9###00000000-3378-c3c9-ffff-ffffef05ac4a,Success,2023-10-19 18:53:41,2023-10-19 18:53:41,171.252.155.151:19584|10.53.54.89_Prod,777,"BIDV đã tích hợp phương thức xác thực Smart OTP trên SmartBanking đối với kênh Mobile và Internet cho phép Quý khách sử dụng và xác thực giao dịch thuận tiện, bảo mật với mã OTP. Quý khách vui lòng cài đặt Smart OTP và đặt mã PIN để bảo mật mã OTP khi xác thực giao dịch",AUTOACTIVESOTP-777,,1,Đăng nhập,Xác thực và Bảo mật,Đăng nhập
xxxxxxxx96,222777265630723,59,"PREMB_10.53.93.54:9080, MB_10.53.93.66:8081",SM-A105G,ANDROID,29,5.2.19,###06c9f61ca7e332b9###00000000-3378-c3c9-ffff-ffffef05ac4a,Success,2023-10-19 18:53:30,2023-10-19 18:53:30,171.252.155.151:31413|10.53.54.82_Prod,00,Thành công,INFO-00,,59,Lấy thông tin version,Sử dụng thông thường,Lấy thông tin dịch vụ
xxxxxxxx96,76956167185884,59,"PREMB_10.53.93.54:9080, MB_10.53.93.68:8081",SM-A105G,ANDROID,29,5.2.19,###06c9f61ca7e332b9###00000000-3378-c3c9-ffff-ffffef05ac4a,Success,2023-10-19 18:53:27,2023-10-19 18:53:27,171.252.155.151:62861|10.53.54.82_Prod,00,Thành công,INFO-00,,59,Lấy thông tin version,Sử dụng thông thường,Lấy thông tin dịch vụ
xxxxxxxx96,282277694981854,10,"PREMB_10.53.93.136:9080, MB_10.53.93.71:8088",SM-A105G,ANDROID,29,5.2.19,###06c9f61ca7e332b9###00000000-3378-c3c9-ffff-ffffef05ac4a,Success,2023-10-19 17:50:37,2023-10-19 17:50:37,171.252.155.151:10774|10.53.54.87_Prod,00,Thành công,INFO-00,,10,Lấy danh sách tài khoản,Sử dụng thông thường,Lấy thông tin giao dịch
xxxxxxxx96,297802156377162,59,"PREMB_10.53.93.55:9080, MB_10.53.93.66:8081",SM-A105G,ANDROID,29,5.2.19,###06c9f61ca7e332b9###00000000-3378-c3c9-ffff-ffffef05ac4a,Success,2023-10-19 17:50:35,2023-10-19 17:50:34,171.252.155.151:44019|10.53.54.91_Prod,00,Thành công,INFO-00,,59,Lấy thông tin version,Sử dụng thông thường,Lấy thông tin dịch vụ
xxxxxxxx96,102709225108962,1,"PREMB_10.53.93.134:9080, MB_10.53.93.67:8081",SM-A105G,ANDROID,29,5.2.19,###06c9f61ca7e332b9###00000000-3378-c3c9-ffff-ffffef05ac4a,Success,2023-10-19 17:50:33,2023-10-19 17:50:33,171.252.155.151:51701|10.53.54.89_Prod,777,"BIDV đã tích hợp phương thức xác thực Smart OTP trên SmartBanking đối với kênh Mobile và Internet cho phép Quý khách sử dụng và xác thực giao dịch thuận tiện, bảo mật với mã OTP. Quý khách vui lòng cài đặt Smart OTP và đặt mã PIN để bảo mật mã OTP khi xác thực giao dịch",AUTOACTIVESOTP-777,,1,Đăng nhập,Xác thực và Bảo mật,Đăng nhập
xxxxxxxx96,148803761596207,59,"PREMB_10.53.93.54:9080, MB_10.53.93.68:8081",SM-A105G,ANDROID,29,5.2.19,###06c9f61ca7e332b9###00000000-3378-c3c9-ffff-ffffef05ac4a,Success,2023-10-19 17:49:08,2023-10-19 17:49:08,171.252.155.151:41899|10.53.54.81_Prod,00,Thành công,INFO-00,,59,Lấy thông tin version,Sử dụng thông thường,Lấy thông tin dịch vụ
xxxxxxxx96,814057136749522,59,"PREMB_10.53.93.55:9080, MB_10.53.93.135:8081",SM-A105G,ANDROID,29,5.2.19,###06c9f61ca7e332b9###00000000-3378-c3c9-ffff-ffffef05ac4a,Success,2023-10-19 17:49:06,2023-10-19 17:49:06,171.252.155.151:53967|10.53.54.81_Prod,00,Thành công,INFO-00,,59,Lấy thông tin version,Sử dụng thông thường,Lấy thông tin dịch vụ
xxxxxxxx96,370192342091327,59,"PREMB_10.53.93.56:9080, MB_10.53.93.68:8081",SM-A105G,ANDROID,29,5.2.19,###06c9f61ca7e332b9###00000000-3378-c3c9-ffff-ffffef05ac4a,Success,2023-10-19 17:49:05,2023-10-19 17:49:05,171.252.155.151:61563|10.53.54.81_Prod,00,Thành công,INFO-00,,59,Lấy thông tin version,Sử dụng thông thường,Lấy thông tin dịch vụ
xxxxxxxx96,225781236190843,103,"PREMB_10.53.93.127:9080, MB_10.53.93.78:8085",SM-A105G,ANDROID,29,5.2.19,###06c9f61ca7e332b9###00000000-3378-c3c9-ffff-ffffef05ac4a,Success,2023-10-19 11:05:49,2023-10-19 11:05:48,171.252.155.151:58344|10.53.54.81_Prod,00,Success,INFO-00,,103,Xác thực chuyển khoản 247 tới số tài khoản,Chuyển tiền,Dịch vụ chuyển khoản 247
xxxxxxxx96,366950937247561,102,"PREMB_10.53.93.114:9080, MB_10.53.93.77:8085",SM-A105G,ANDROID,29,5.2.19,###06c9f61ca7e332b9###00000000-3378-c3c9-ffff-ffffef05ac4a,Success,2023-10-19 11:05:40,2023-10-19 11:05:39,171.252.155.151:32369|10.53.54.78_Prod,00,Thành công,INFO-00,,102,Khởi tạo chuyển khoản 247 tới số tài khoản,Chuyển tiền,Dịch vụ chuyển khoản 247
xxxxxxxx96,699289258961967,33,"PREMB_10.53.93.60:9080, MB_10.53.93.66:8081",SM-A105G,ANDROID,29,5.2.19,###06c9f61ca7e332b9###00000000-3378-c3c9-ffff-ffffef05ac4a,Success,2023-10-19 11:05:34,2023-10-19 11:05:34,171.252.155.151:47711|10.53.54.83_Prod,00,Thành công,INFO-00,,33,Lấy giá trị configs,Sử dụng thông thường,Dịch vụ tùy biến ứng dụng
xxxxxxxx96,921367188898056,201,"PREMB_10.53.93.61:9080, MB_10.53.93.120:8085",SM-A105G,ANDROID,29,5.2.19,###06c9f61ca7e332b9###00000000-3378-c3c9-ffff-ffffef05ac4a,Success,2023-10-19 11:05:32,2023-10-19 11:05:32,171.252.155.151:51848|10.53.54.73_Prod,00,Thành công,00,,201,"Lấy thông tin tài khoản,thẻ chuyển khoản 247",Lấy thông tin,Lấy thông tin giao dịch
xxxxxxxx96,598982033381220,202,"PREMB_10.53.93.127:9080, MB_10.53.93.137:8083",SM-A105G,ANDROID,29,5.2.19,###06c9f61ca7e332b9###00000000-3378-c3c9-ffff-ffffef05ac4a,Success,2023-10-19 11:04:55,2023-10-19 11:04:55,171.252.155.151:57972|10.53.54.81_Prod,00,Success,00,,202,Lấy danh sách ngân hàng ck ngoài,Lấy thông tin,Lấy thông tin giao dịch
xxxxxxxx96,224862818074957,10,"PREMB_10.53.93.64:9080, MB_10.53.93.72:8088",SM-A105G,ANDROID,29,5.2.19,###06c9f61ca7e332b9###00000000-3378-c3c9-ffff-ffffef05ac4a,Success,2023-10-19 11:04:55,2023-10-19 11:04:55,171.252.155.151:57792|10.53.54.87_Prod,00,Thành công,INFO-00,,10,Lấy danh sách tài khoản,Sử dụng thông thường,Lấy thông tin giao dịch
xxxxxxxx96,611539639615864,10,"PREMB_10.53.93.64:9080, MB_10.53.93.72:8088",SM-A105G,ANDROID,29,5.2.19,###06c9f61ca7e332b9###00000000-3378-c3c9-ffff-ffffef05ac4a,Success,2023-10-19 11:04:52,2023-10-19 11:04:51,171.252.155.151:56934|10.53.54.87_Prod,00,Thành công,INFO-00,,10,Lấy danh sách tài khoản,Sử dụng thông thường,Lấy thông tin giao dịch
xxxxxxxx96,199536831075176,59,"PREMB_10.53.93.55:9080, MB_10.53.93.67:8081",SM-A105G,ANDROID,29,5.2.19,###06c9f61ca7e332b9###00000000-3378-c3c9-ffff-ffffef05ac4a,Success,2023-10-19 11:04:23,2023-10-19 11:04:23,171.252.155.151:12681|10.53.54.91_Prod,00,Thành công,INFO-00,,59,Lấy thông tin version,Sử dụng thông thường,Lấy thông tin dịch vụ
xxxxxxxx96,37639806337487,1,"PREMB_10.53.93.59:9080, MB_10.53.93.68:8081",SM-A105G,ANDROID,29,5.2.19,###06c9f61ca7e332b9###00000000-3378-c3c9-ffff-ffffef05ac4a,Success,2023-10-19 11:04:22,2023-10-19 11:04:22,171.252.155.151:10171|10.53.54.83_Prod,777,"BIDV đã tích hợp phương thức xác thực Smart OTP trên SmartBanking đối với kênh Mobile và Internet cho phép Quý khách sử dụng và xác thực giao dịch thuận tiện, bảo mật với mã OTP. Quý khách vui lòng cài đặt Smart OTP và đặt mã PIN để bảo mật mã OTP khi xác thực giao dịch",AUTOACTIVESOTP-777,,1,Đăng nhập,Xác thực và Bảo mật,Đăng nhập
xxxxxxxx85,976789903183918,103,"PREMB_10.53.93.62:9080, MB_10.53.93.77:8085",iPhone 11 Pro Max,IOS,16.6.1,5218,416D63AC-E913-4AB1-8D54-75DC2E4C7BAF1656567790,Success,2023-10-19 22:10:04,2023-10-19 22:10:03,103.199.32.82:64367|10.53.54.88_Prod,00,Success,INFO-00,,103,Xác thực chuyển khoản 247 tới số tài khoản,Chuyển tiền,Dịch vụ chuyển khoản 247
xxxxxxxx85,217127524414702,102,"PREMB_10.53.93.114:9080, MB_10.53.93.121:8085",iPhone 11 Pro Max,IOS,16.6.1,5218,416D63AC-E913-4AB1-8D54-75DC2E4C7BAF1656567790,Success,2023-10-19 22:09:57,2023-10-19 22:09:56,103.199.32.82:29272|10.53.54.88_Prod,00,Thành công,INFO-00,,102,Khởi tạo chuyển khoản 247 tới số tài khoản,Chuyển tiền,Dịch vụ chuyển khoản 247
xxxxxxxx85,363423191739680,225,"PREMB_10.53.93.127:9080, MB_10.53.93.84:8082",iPhone 11 Pro Max,IOS,16.6.1,5218,416D63AC-E913-4AB1-8D54-75DC2E4C7BAF1656567790,Success,2023-10-19 22:09:34,2023-10-19 22:09:34,103.199.32.82:10423|10.53.54.91_Prod,00,Thành công,00,,225,Lấy danh sách mẫu chuyển tiền,Danh bạ / mẫu,Dịch vụ mẫu chuyển tiền
xxxxxxxx85,654971328131370,33,"PREMB_10.53.93.60:9080, MB_10.53.93.66:8081",iPhone 11 Pro Max,IOS,16.6.1,5218,416D63AC-E913-4AB1-8D54-75DC2E4C7BAF1656567790,Success,2023-10-19 22:09:34,2023-10-19 22:09:34,103.199.32.82:44897|10.53.54.83_Prod,00,Thành công,INFO-00,,33,Lấy giá trị configs,Sử dụng thông thường,Dịch vụ tùy biến ứng dụng
xxxxxxxx85,267627543551032,10,"PREMB_10.53.93.65:9080, MB_10.53.93.72:8088",iPhone 11 Pro Max,IOS,16.6.1,5218,416D63AC-E913-4AB1-8D54-75DC2E4C7BAF1656567790,Success,2023-10-19 22:09:21,2023-10-19 22:09:21,103.199.32.82:24380|10.53.54.72_Prod,00,Thành công,INFO-00,,10,Lấy danh sách tài khoản,Sử dụng thông thường,Lấy thông tin giao dịch
xxxxxxxx85,491852812306461,10,"PREMB_10.53.93.65:9080, MB_10.53.93.69:8088",iPhone 11 Pro Max,IOS,16.6.1,5218,416D63AC-E913-4AB1-8D54-75DC2E4C7BAF1656567790,Success,2023-10-19 22:09:18,2023-10-19 22:09:18,103.199.32.82:48785|10.53.54.87_Prod,00,Thành công,INFO-00,,10,Lấy danh sách tài khoản,Sử dụng thông thường,Lấy thông tin giao dịch
xxxxxxxx85,536298767659346,59,"PREMB_10.53.93.56:9080, MB_10.53.93.67:8081",iPhone 11 Pro Max,IOS,16.6.1,5218,416D63AC-E913-4AB1-8D54-75DC2E4C7BAF1656567790,Success,2023-10-19 22:09:18,2023-10-19 22:09:18,103.199.32.82:63143|10.53.54.82_Prod,00,Thành công,INFO-00,,59,Lấy thông tin version,Sử dụng thông thường,Lấy thông tin dịch vụ
xxxxxxxx85,560642576006656,31,"PREMB_10.53.93.134:9080, MB_10.53.93.67:8081",iPhone 11 Pro Max,IOS,16.6.1,5218,416D63AC-E913-4AB1-8D54-75DC2E4C7BAF1656567790,Success,2023-10-19 22:09:18,2023-10-19 22:09:18,103.199.32.82:30094|10.53.54.89_Prod,00,Thành công,INFO-00,,31,Lấy danh sách Banner ,Sử dụng thông thường,Dịch vụ tùy biến ứng dụng
xxxxxxxx85,187192232497792,33,"PREMB_10.53.93.134:9080, MB_10.53.93.67:8081",iPhone 11 Pro Max,IOS,16.6.1,5218,416D63AC-E913-4AB1-8D54-75DC2E4C7BAF1656567790,Success,2023-10-19 22:09:17,2023-10-19 22:09:17,103.199.32.82:12846|10.53.54.89_Prod,00,Thành công,INFO-00,,33,Lấy giá trị configs,Sử dụng thông thường,Dịch vụ tùy biến ứng dụng
xxxxxxxx85,477399087029645,1,"PREMB_10.53.93.59:9080, MB_10.53.93.66:8081",iPhone 11 Pro Max,IOS,16.6.1,5218,416D63AC-E913-4AB1-8D54-75DC2E4C7BAF1656567790,Success,2023-10-19 22:09:17,2023-10-19 22:09:17,103.199.32.82:62553|10.53.54.83_Prod,777,"BIDV đã tích hợp phương thức xác thực Smart OTP trên SmartBanking đối với kênh Mobile và Internet cho phép Quý khách sử dụng và xác thực giao dịch thuận tiện, bảo mật với mã OTP. Quý khách vui lòng cài đặt Smart OTP và đặt mã PIN để bảo mật mã OTP khi xác thực giao dịch",AUTOACTIVESOTP-777,,1,Đăng nhập,Xác thực và Bảo mật,Đăng nhập
xxxxxxxx85,11749850687557,10,PREMB_10.53.93.136:9080,iPhone 11 Pro Max,IOS,16.6.1,5218,416D63AC-E913-4AB1-8D54-75DC2E4C7BAF1656567790,False,2023-10-19 22:09:04,2023-10-19 22:09:04,103.199.32.82:24101|10.53.54.87_Prod,98,Phiên đăng nhập hết hiệu lực hoặc tài khoản đăng nhập thiết bị khác. Quý khách vui lòng thực hiện đăng nhập lại,98,,10,Lấy danh sách tài khoản,Sử dụng thông thường,Lấy thông tin giao dịch
xxxxxxxx85,408515089478795,103,"PREMB_10.53.93.114:9080, MB_10.53.93.120:8085",iPhone 11 Pro Max,IOS,16.6.1,5218,416D63AC-E913-4AB1-8D54-75DC2E4C7BAF1656567790,Success,2023-10-19 22:02:41,2023-10-19 22:02:40,103.199.32.82:16171|10.53.54.78_Prod,00,Success,INFO-00,,103,Xác thực chuyển khoản 247 tới số tài khoản,Chuyển tiền,Dịch vụ chuyển khoản 247
xxxxxxxx85,581054136635991,102,"PREMB_10.53.93.115:9080, MB_10.53.93.121:8085",iPhone 11 Pro Max,IOS,16.6.1,5218,416D63AC-E913-4AB1-8D54-75DC2E4C7BAF1656567790,Success,2023-10-19 22:02:36,2023-10-19 22:02:35,103.199.32.82:43473|10.53.54.78_Prod,00,Thành công,INFO-00,,102,Khởi tạo chuyển khoản 247 tới số tài khoản,Chuyển tiền,Dịch vụ chuyển khoản 247
xxxxxxxx85,750458129790200,33,"PREMB_10.53.93.134:9080, MB_10.53.93.67:8081",iPhone 11 Pro Max,IOS,16.6.1,5218,416D63AC-E913-4AB1-8D54-75DC2E4C7BAF1656567790,Success,2023-10-19 22:02:23,2023-10-19 22:02:23,103.199.32.82:56476|10.53.54.83_Prod,00,Thành công,INFO-00,,33,Lấy giá trị configs,Sử dụng thông thường,Dịch vụ tùy biến ứng dụng
xxxxxxxx85,863141833607198,33,"PREMB_10.53.93.59:9080, MB_10.53.93.66:8081",iPhone 11 Pro Max,IOS,16.6.1,5218,416D63AC-E913-4AB1-8D54-75DC2E4C7BAF1656567790,Success,2023-10-19 22:02:23,2023-10-19 22:02:23,103.199.32.82:20605|10.53.54.83_Prod,00,Thành công,INFO-00,,33,Lấy giá trị configs,Sử dụng thông thường,Dịch vụ tùy biến ứng dụng
xxxxxxxx85,438084597861965,201,"PREMB_10.53.93.114:9080, MB_10.53.93.78:8085",iPhone 11 Pro Max,IOS,16.6.1,5218,416D63AC-E913-4AB1-8D54-75DC2E4C7BAF1656567790,Success,2023-10-19 22:02:22,2023-10-19 22:02:20,103.199.32.82:65527|10.53.54.73_Prod,00,Thành công,00,,201,"Lấy thông tin tài khoản,thẻ chuyển khoản 247",Lấy thông tin,Lấy thông tin giao dịch
xxxxxxxx85,184308388207654,10,"PREMB_10.53.93.65:9080, MB_10.53.93.73:8088",iPhone 11 Pro Max,IOS,16.6.1,5218,416D63AC-E913-4AB1-8D54-75DC2E4C7BAF1656567790,Success,2023-10-19 22:02:15,2023-10-19 22:02:15,103.199.32.82:62834|10.53.54.87_Prod,00,Thành công,INFO-00,,10,Lấy danh sách tài khoản,Sử dụng thông thường,Lấy thông tin giao dịch
xxxxxxxx85,725437058189623,59,"PREMB_10.53.93.56:9080, MB_10.53.93.68:8081",iPhone 11 Pro Max,IOS,16.6.1,5218,416D63AC-E913-4AB1-8D54-75DC2E4C7BAF1656567790,Success,2023-10-19 22:02:15,2023-10-19 22:02:15,103.199.32.82:14405|10.53.54.81_Prod,00,Thành công,INFO-00,,59,Lấy thông tin version,Sử dụng thông thường,Lấy thông tin dịch vụ
xxxxxxxx85,752954377516971,31,"PREMB_10.53.93.60:9080, MB_10.53.93.68:8081",iPhone 11 Pro Max,IOS,16.6.1,5218,416D63AC-E913-4AB1-8D54-75DC2E4C7BAF1656567790,Success,2023-10-19 22:02:15,2023-10-19 22:02:15,103.199.32.82:28383|10.53.54.83_Prod,00,Thành công,INFO-00,,31,Lấy danh sách Banner ,Sử dụng thông thường,Dịch vụ tùy biến ứng dụng
xxxxxxxx85,539199757918731,33,"PREMB_10.53.93.134:9080, MB_10.53.93.68:8081",iPhone 11 Pro Max,IOS,16.6.1,5218,416D63AC-E913-4AB1-8D54-75DC2E4C7BAF1656567790,Success,2023-10-19 22:02:15,2023-10-19 22:02:15,103.199.32.82:5069|10.53.54.83_Prod,00,Thành công,INFO-00,,33,Lấy giá trị configs,Sử dụng thông thường,Dịch vụ tùy biến ứng dụng
xxxxxxxx85,223524890547324,1,"PREMB_10.53.93.60:9080, MB_10.53.93.135:8081",iPhone 11 Pro Max,IOS,16.6.1,5218,416D63AC-E913-4AB1-8D54-75DC2E4C7BAF1656567790,Success,2023-10-19 22:02:14,2023-10-19 22:02:14,103.199.32.82:51110|10.53.54.89_Prod,777,"BIDV đã tích hợp phương thức xác thực Smart OTP trên SmartBanking đối với kênh Mobile và Internet cho phép Quý khách sử dụng và xác thực giao dịch thuận tiện, bảo mật với mã OTP. Quý khách vui lòng cài đặt Smart OTP và đặt mã PIN để bảo mật mã OTP khi xác thực giao dịch",AUTOACTIVESOTP-777,,1,Đăng nhập,Xác thực và Bảo mật,Đăng nhập
xxxxxxxx85,394269114118306,103,"PREMB_10.53.93.114:9080, MB_10.53.93.121:8085",iPhone 11 Pro Max,IOS,16.6.1,5218,416D63AC-E913-4AB1-8D54-75DC2E4C7BAF1656567790,Success,2023-10-19 21:46:47,2023-10-19 21:46:47,103.199.32.82:57442|10.53.54.78_Prod,00,Success,INFO-00,,103,Xác thực chuyển khoản 247 tới số tài khoản,Chuyển tiền,Dịch vụ chuyển khoản 247
xxxxxxxx85,33428235639187,102,"PREMB_10.53.93.114:9080, MB_10.53.93.118:8085",iPhone 11 Pro Max,IOS,16.6.1,5218,416D63AC-E913-4AB1-8D54-75DC2E4C7BAF1656567790,Success,2023-10-19 21:46:39,2023-10-19 21:46:38,103.199.32.82:63536|10.53.54.73_Prod,00,Thành công,INFO-00,,102,Khởi tạo chuyển khoản 247 tới số tài khoản,Chuyển tiền,Dịch vụ chuyển khoản 247
xxxxxxxx85,147199540627460,33,"PREMB_10.53.93.59:9080, MB_10.53.93.135:8081",iPhone 11 Pro Max,IOS,16.6.1,5218,416D63AC-E913-4AB1-8D54-75DC2E4C7BAF1656567790,Success,2023-10-19 21:46:09,2023-10-19 21:46:09,103.199.32.82:29430|10.53.54.83_Prod,00,Thành công,INFO-00,,33,Lấy giá trị configs,Sử dụng thông thường,Dịch vụ tùy biến ứng dụng
xxxxxxxx85,427157540169365,33,"PREMB_10.53.93.59:9080, MB_10.53.93.135:8081",iPhone 11 Pro Max,IOS,16.6.1,5218,416D63AC-E913-4AB1-8D54-75DC2E4C7BAF1656567790,Success,2023-10-19 21:46:09,2023-10-19 21:46:09,103.199.32.82:13942|10.53.54.89_Prod,00,Thành công,INFO-00,,33,Lấy giá trị configs,Sử dụng thông thường,Dịch vụ tùy biến ứng dụng
xxxxxxxx85,594020439369787,201,"PREMB_10.53.93.114:9080, MB_10.53.93.120:8085",iPhone 11 Pro Max,IOS,16.6.1,5218,416D63AC-E913-4AB1-8D54-75DC2E4C7BAF1656567790,Success,2023-10-19 21:46:09,2023-10-19 21:46:08,103.199.32.82:41457|10.53.54.80_Prod,00,Thành công,00,,201,"Lấy thông tin tài khoản,thẻ chuyển khoản 247",Lấy thông tin,Lấy thông tin giao dịch
xxxxxxxx85,248539038781702,10,"PREMB_10.53.93.136:9080, MB_10.53.93.74:8088",iPhone 11 Pro Max,IOS,16.6.1,5218,416D63AC-E913-4AB1-8D54-75DC2E4C7BAF1656567790,Success,2023-10-19 21:45:49,2023-10-19 21:45:49,103.199.32.82:6726|10.53.54.72_Prod,00,Thành công,INFO-00,,10,Lấy danh sách tài khoản,Sử dụng thông thường,Lấy thông tin giao dịch
xxxxxxxx85,83408809181769,31,"PREMB_10.53.93.60:9080, MB_10.53.93.135:8081",iPhone 11 Pro Max,IOS,16.6.1,5218,416D63AC-E913-4AB1-8D54-75DC2E4C7BAF1656567790,Success,2023-10-19 21:45:44,2023-10-19 21:45:44,103.199.32.82:64656|10.53.54.89_Prod,00,Thành công,INFO-00,,31,Lấy danh sách Banner ,Sử dụng thông thường,Dịch vụ tùy biến ứng dụng
xxxxxxxx85,195331258607536,10,"PREMB_10.53.93.65:9080, MB_10.53.93.71:8088",iPhone 11 Pro Max,IOS,16.6.1,5218,416D63AC-E913-4AB1-8D54-75DC2E4C7BAF1656567790,Success,2023-10-19 21:45:44,2023-10-19 21:45:44,103.199.32.82:64596|10.53.54.87_Prod,00,Thành công,INFO-00,,10,Lấy danh sách tài khoản,Sử dụng thông thường,Lấy thông tin giao dịch
xxxxxxxx85,633286673898010,59,"PREMB_10.53.93.55:9080, MB_10.53.93.67:8081",iPhone 11 Pro Max,IOS,16.6.1,5218,416D63AC-E913-4AB1-8D54-75DC2E4C7BAF1656567790,Success,2023-10-19 21:45:44,2023-10-19 21:45:44,103.199.32.82:64890|10.53.54.81_Prod,00,Thành công,INFO-00,,59,Lấy thông tin version,Sử dụng thông thường,Lấy thông tin dịch vụ
xxxxxxxx85,191276870757501,33,"PREMB_10.53.93.134:9080, MB_10.53.93.66:8081",iPhone 11 Pro Max,IOS,16.6.1,5218,416D63AC-E913-4AB1-8D54-75DC2E4C7BAF1656567790,Success,2023-10-19 21:45:44,2023-10-19 21:45:44,103.199.32.82:26019|10.53.54.83_Prod,00,Thành công,INFO-00,,33,Lấy giá trị configs,Sử dụng thông thường,Dịch vụ tùy biến ứng dụng
xxxxxxxx85,399402507766880,1,"PREMB_10.53.93.134:9080, MB_10.53.93.66:8081",iPhone 11 Pro Max,IOS,16.6.1,5218,416D63AC-E913-4AB1-8D54-75DC2E4C7BAF1656567790,Success,2023-10-19 21:45:43,2023-10-19 21:45:43,103.199.32.82:16524|10.53.54.89_Prod,777,"BIDV đã tích hợp phương thức xác thực Smart OTP trên SmartBanking đối với kênh Mobile và Internet cho phép Quý khách sử dụng và xác thực giao dịch thuận tiện, bảo mật với mã OTP. Quý khách vui lòng cài đặt Smart OTP và đặt mã PIN để bảo mật mã OTP khi xác thực giao dịch",AUTOACTIVESOTP-777,,1,Đăng nhập,Xác thực và Bảo mật,Đăng nhập
xxxxxxxx85,983382876643896,103,"PREMB_10.53.93.117:9080, MB_10.53.93.118:8085",iPhone 11 Pro Max,IOS,16.6.1,5218,416D63AC-E913-4AB1-8D54-75DC2E4C7BAF1656567790,Success,2023-10-19 21:25:28,2023-10-19 21:25:28,103.199.32.82:3301|10.53.54.73_Prod,00,Success,INFO-00,,103,Xác thực chuyển khoản 247 tới số tài khoản,Chuyển tiền,Dịch vụ chuyển khoản 247
xxxxxxxx85,93031145246686,102,"PREMB_10.53.93.115:9080, MB_10.53.93.77:8085",iPhone 11 Pro Max,IOS,16.6.1,5218,416D63AC-E913-4AB1-8D54-75DC2E4C7BAF1656567790,Success,2023-10-19 21:25:22,2023-10-19 21:25:19,103.199.32.82:52742|10.53.54.88_Prod,00,Thành công,INFO-00,,102,Khởi tạo chuyển khoản 247 tới số tài khoản,Chuyển tiền,Dịch vụ chuyển khoản 247
xxxxxxxx85,402569507111304,33,"PREMB_10.53.93.134:9080, MB_10.53.93.68:8081",iPhone 11 Pro Max,IOS,16.6.1,5218,416D63AC-E913-4AB1-8D54-75DC2E4C7BAF1656567790,Success,2023-10-19 21:25:14,2023-10-19 21:25:14,103.199.32.82:51620|10.53.54.89_Prod,00,Thành công,INFO-00,,33,Lấy giá trị configs,Sử dụng thông thường,Dịch vụ tùy biến ứng dụng
xxxxxxxx85,986390088747869,33,"PREMB_10.53.93.60:9080, MB_10.53.93.135:8081",iPhone 11 Pro Max,IOS,16.6.1,5218,416D63AC-E913-4AB1-8D54-75DC2E4C7BAF1656567790,Success,2023-10-19 21:25:14,2023-10-19 21:25:14,103.199.32.82:65196|10.53.54.89_Prod,00,Thành công,INFO-00,,33,Lấy giá trị configs,Sử dụng thông thường,Dịch vụ tùy biến ứng dụng
xxxxxxxx85,386663687889447,201,"PREMB_10.53.93.117:9080, MB_10.53.93.78:8085",iPhone 11 Pro Max,IOS,16.6.1,5218,416D63AC-E913-4AB1-8D54-75DC2E4C7BAF1656567790,Success,2023-10-19 21:25:13,2023-10-19 21:25:12,103.199.32.82:44422|10.53.54.80_Prod,00,Thành công,00,,201,"Lấy thông tin tài khoản,thẻ chuyển khoản 247",Lấy thông tin,Lấy thông tin giao dịch
xxxxxxxx85,689620471231759,106,"PREMB_10.53.93.64:9080, MB_10.53.93.71:8088",iPhone 11 Pro Max,IOS,16.6.1,5218,416D63AC-E913-4AB1-8D54-75DC2E4C7BAF1656567790,False,2023-10-19 21:24:10,2023-10-19 21:24:10,103.199.32.82:31270|10.53.54.87_Prod,TRANS_OUT_03,Ngân hàng hưởng không thể thực hiện giao dịch lúc này. Quý khách vui lòng thử lại sau,TRANS_OUT_03,,106,Khởi tạo chuyển tiền trong nước,Chuyển tiền,Dịch vụ chuyển tiền trong nước
xxxxxxxx85,353145843479396,106,"PREMB_10.53.93.136:9080, MB_10.53.93.72:8088",iPhone 11 Pro Max,IOS,16.6.1,5218,416D63AC-E913-4AB1-8D54-75DC2E4C7BAF1656567790,False,2023-10-19 21:24:05,2023-10-19 21:24:04,103.199.32.82:43038|10.53.54.87_Prod,TRANS_OUT_03,Ngân hàng hưởng không thể thực hiện giao dịch lúc này. Quý khách vui lòng thử lại sau,TRANS_OUT_03,,106,Khởi tạo chuyển tiền trong nước,Chuyển tiền,Dịch vụ chuyển tiền trong nước
xxxxxxxx85,403757469555376,225,"PREMB_10.53.93.56:9080, MB_10.53.93.83:8082",iPhone 11 Pro Max,IOS,16.6.1,5218,416D63AC-E913-4AB1-8D54-75DC2E4C7BAF1656567790,Success,2023-10-19 21:22:17,2023-10-19 21:22:17,103.199.32.82:32145|10.53.54.81_Prod,00,Thành công,00,,225,Lấy danh sách mẫu chuyển tiền,Danh bạ / mẫu,Dịch vụ mẫu chuyển tiền
xxxxxxxx85,975282301068498,33,"PREMB_10.53.93.134:9080, MB_10.53.93.67:8081",iPhone 11 Pro Max,IOS,16.6.1,5218,416D63AC-E913-4AB1-8D54-75DC2E4C7BAF1656567790,Success,2023-10-19 21:22:17,2023-10-19 21:22:17,103.199.32.82:20576|10.53.54.89_Prod,00,Thành công,INFO-00,,33,Lấy giá trị configs,Sử dụng thông thường,Dịch vụ tùy biến ứng dụng
xxxxxxxx85,645629856469763,33,"PREMB_10.53.93.134:9080, MB_10.53.93.66:8081",iPhone 11 Pro Max,IOS,16.6.1,5218,416D63AC-E913-4AB1-8D54-75DC2E4C7BAF1656567790,Success,2023-10-19 21:22:17,2023-10-19 21:22:17,103.199.32.82:20837|10.53.54.83_Prod,00,Thành công,INFO-00,,33,Lấy giá trị configs,Sử dụng thông thường,Dịch vụ tùy biến ứng dụng
xxxxxxxx85,29113508727280,10,"PREMB_10.53.93.65:9080, MB_10.53.93.73:8088",iPhone 11 Pro Max,IOS,16.6.1,5218,416D63AC-E913-4AB1-8D54-75DC2E4C7BAF1656567790,Success,2023-10-19 21:22:13,2023-10-19 21:22:13,103.199.32.82:22698|10.53.54.87_Prod,00,Thành công,INFO-00,,10,Lấy danh sách tài khoản,Sử dụng thông thường,Lấy thông tin giao dịch
xxxxxxxx85,793748075141529,202,"PREMB_10.53.93.55:9080, MB_10.53.93.75:8083",iPhone 11 Pro Max,IOS,16.6.1,5218,416D63AC-E913-4AB1-8D54-75DC2E4C7BAF1656567790,Success,2023-10-19 21:22:13,2023-10-19 21:22:13,103.199.32.82:17167|10.53.54.91_Prod,00,Success,00,,202,Lấy danh sách ngân hàng ck ngoài,Lấy thông tin,Lấy thông tin giao dịch
xxxxxxxx85,341946954247388,59,"PREMB_10.53.93.54:9080, MB_10.53.93.66:8081",iPhone 11 Pro Max,IOS,16.6.1,5218,416D63AC-E913-4AB1-8D54-75DC2E4C7BAF1656567790,Success,2023-10-19 21:22:13,2023-10-19 21:22:13,103.199.32.82:19531|10.53.54.81_Prod,00,Thành công,INFO-00,,59,Lấy thông tin version,Sử dụng thông thường,Lấy thông tin dịch vụ
xxxxxxxx85,820845398995058,31,"PREMB_10.53.93.134:9080, MB_10.53.93.67:8081",iPhone 11 Pro Max,IOS,16.6.1,5218,416D63AC-E913-4AB1-8D54-75DC2E4C7BAF1656567790,Success,2023-10-19 21:22:13,2023-10-19 21:22:13,103.199.32.82:33624|10.53.54.83_Prod,00,Thành công,INFO-00,,31,Lấy danh sách Banner ,Sử dụng thông thường,Dịch vụ tùy biến ứng dụng
xxxxxxxx85,916721765209630,1,"PREMB_10.53.93.134:9080, MB_10.53.93.66:8081",iPhone 11 Pro Max,IOS,16.6.1,5218,416D63AC-E913-4AB1-8D54-75DC2E4C7BAF1656567790,Success,2023-10-19 21:22:12,2023-10-19 21:22:12,103.199.32.82:19041|10.53.54.89_Prod,777,"BIDV đã tích hợp phương thức xác thực Smart OTP trên SmartBanking đối với kênh Mobile và Internet cho phép Quý khách sử dụng và xác thực giao dịch thuận tiện, bảo mật với mã OTP. Quý khách vui lòng cài đặt Smart OTP và đặt mã PIN để bảo mật mã OTP khi xác thực giao dịch",AUTOACTIVESOTP-777,,1,Đăng nhập,Xác thực và Bảo mật,Đăng nhập
xxxxxxxx85,629692509357029,1,"PREMB_10.53.93.134:9080, MB_10.53.93.66:8081",iPhone 11 Pro Max,IOS,16.6.1,5218,416D63AC-E913-4AB1-8D54-75DC2E4C7BAF1656567790,False,2023-10-19 21:22:03,2023-10-19 21:22:03,103.199.32.82:8107|10.53.54.89_Prod,55,Thông tin đăng nhập không chính xác. Quý khách lưu ý: Dịch vụ SmartBanking sẽ bị khóa nếu Quý khách nhập sai mật khẩu 5 lần trở lên.,55,,1,Đăng nhập,Xác thực và Bảo mật,Đăng nhập
xxxxxxxx85,987797777291468,31,"PREMB_10.53.93.60:9080, MB_10.53.93.66:8081",iPhone 11 Pro Max,IOS,16.6.1,5218,416D63AC-E913-4AB1-8D54-75DC2E4C7BAF1656567790,Success,2023-10-19 19:30:11,2023-10-19 19:30:10,27.3.88.155:38398|10.53.54.83_Prod,00,Thành công,INFO-00,,31,Lấy danh sách Banner ,Sử dụng thông thường,Dịch vụ tùy biến ứng dụng
xxxxxxxx85,430948372415348,33,"PREMB_10.53.93.134:9080, MB_10.53.93.135:8081",iPhone 11 Pro Max,IOS,16.6.1,5218,416D63AC-E913-4AB1-8D54-75DC2E4C7BAF1656567790,Success,2023-10-19 19:30:10,2023-10-19 19:30:10,27.3.88.155:43429|10.53.54.83_Prod,00,Thành công,INFO-00,,33,Lấy giá trị configs,Sử dụng thông thường,Dịch vụ tùy biến ứng dụng
xxxxxxxx85,677842387749511,103,"PREMB_10.53.93.62:9080, MB_10.53.93.77:8085",iPhone 11 Pro Max,IOS,16.6.1,5218,416D63AC-E913-4AB1-8D54-75DC2E4C7BAF1656567790,Success,2023-10-19 09:44:08,2023-10-19 09:44:07,103.199.32.82:33483|10.53.54.79_Prod,00,Success,INFO-00,,103,Xác thực chuyển khoản 247 tới số tài khoản,Chuyển tiền,Dịch vụ chuyển khoản 247
xxxxxxxx85,336800126866351,102,"PREMB_10.53.93.62:9080, MB_10.53.93.78:8085",iPhone 11 Pro Max,IOS,16.6.1,5218,416D63AC-E913-4AB1-8D54-75DC2E4C7BAF1656567790,Success,2023-10-19 09:44:03,2023-10-19 09:44:02,103.199.32.82:22538|10.53.54.79_Prod,00,Thành công,INFO-00,,102,Khởi tạo chuyển khoản 247 tới số tài khoản,Chuyển tiền,Dịch vụ chuyển khoản 247
xxxxxxxx85,660773241596591,225,"PREMB_10.53.93.54:9080, MB_10.53.93.84:8082",iPhone 11 Pro Max,IOS,16.6.1,5218,416D63AC-E913-4AB1-8D54-75DC2E4C7BAF1656567790,Success,2023-10-19 09:43:56,2023-10-19 09:43:55,103.199.32.82:22756|10.53.54.82_Prod,00,Thành công,00,,225,Lấy danh sách mẫu chuyển tiền,Danh bạ / mẫu,Dịch vụ mẫu chuyển tiền
xxxxxxxx85,70708049545965,33,"PREMB_10.53.93.134:9080, MB_10.53.93.135:8081",iPhone 11 Pro Max,IOS,16.6.1,5218,416D63AC-E913-4AB1-8D54-75DC2E4C7BAF1656567790,Success,2023-10-19 09:43:55,2023-10-19 09:43:55,103.199.32.82:32987|10.53.54.83_Prod,00,Thành công,INFO-00,,33,Lấy giá trị configs,Sử dụng thông thường,Dịch vụ tùy biến ứng dụng
xxxxxxxx85,796822160159067,201,"PREMB_10.53.93.62:9080, MB_10.53.93.77:8085",iPhone 11 Pro Max,IOS,16.6.1,5218,416D63AC-E913-4AB1-8D54-75DC2E4C7BAF1656567790,Success,2023-10-19 09:43:52,2023-10-19 09:43:52,103.199.32.82:45591|10.53.54.79_Prod,00,Thành công,00,,201,"Lấy thông tin tài khoản,thẻ chuyển khoản 247",Lấy thông tin,Lấy thông tin giao dịch
xxxxxxxx85,396508013759799,10,"PREMB_10.53.93.136:9080, MB_10.53.93.72:8088",iPhone 11 Pro Max,IOS,16.6.1,5218,416D63AC-E913-4AB1-8D54-75DC2E4C7BAF1656567790,Success,2023-10-19 09:43:14,2023-10-19 09:43:13,103.199.32.82:34278|10.53.54.72_Prod,00,Thành công,INFO-00,,10,Lấy danh sách tài khoản,Sử dụng thông thường,Lấy thông tin giao dịch
xxxxxxxx85,651015085532142,59,"PREMB_10.53.93.127:9080, MB_10.53.93.68:8081",iPhone 11 Pro Max,IOS,16.6.1,5218,416D63AC-E913-4AB1-8D54-75DC2E4C7BAF1656567790,Success,2023-10-19 09:43:13,2023-10-19 09:43:13,103.199.32.82:20473|10.53.54.81_Prod,00,Thành công,INFO-00,,59,Lấy thông tin version,Sử dụng thông thường,Lấy thông tin dịch vụ
xxxxxxxx85,538396383663601,31,"PREMB_10.53.93.60:9080, MB_10.53.93.66:8081",iPhone 11 Pro Max,IOS,16.6.1,5218,416D63AC-E913-4AB1-8D54-75DC2E4C7BAF1656567790,Success,2023-10-19 09:43:13,2023-10-19 09:43:13,103.199.32.82:54521|10.53.54.89_Prod,00,Thành công,INFO-00,,31,Lấy danh sách Banner ,Sử dụng thông thường,Dịch vụ tùy biến ứng dụng
xxxxxxxx85,904269333406116,33,"PREMB_10.53.93.134:9080, MB_10.53.93.66:8081",iPhone 11 Pro Max,IOS,16.6.1,5218,416D63AC-E913-4AB1-8D54-75DC2E4C7BAF1656567790,Success,2023-10-19 09:43:13,2023-10-19 09:43:13,103.199.32.82:49016|10.53.54.83_Prod,00,Thành công,INFO-00,,33,Lấy giá trị configs,Sử dụng thông thường,Dịch vụ tùy biến ứng dụng
xxxxxxxx85,785364859455348,1,"PREMB_10.53.93.59:9080, MB_10.53.93.135:8081",iPhone 11 Pro Max,IOS,16.6.1,5218,416D63AC-E913-4AB1-8D54-75DC2E4C7BAF1656567790,Success,2023-10-19 09:43:13,2023-10-19 09:43:13,103.199.32.82:29445|10.53.54.83_Prod,777,"BIDV đã tích hợp phương thức xác thực Smart OTP trên SmartBanking đối với kênh Mobile và Internet cho phép Quý khách sử dụng và xác thực giao dịch thuận tiện, bảo mật với mã OTP. Quý khách vui lòng cài đặt Smart OTP và đặt mã PIN để bảo mật mã OTP khi xác thực giao dịch",AUTOACTIVESOTP-777,,1,Đăng nhập,Xác thực và Bảo mật,Đăng nhập
xxxxxxxx85,249498454176867,10,PREMB_10.53.93.65:9080,iPhone 11 Pro Max,IOS,16.6.1,5218,416D63AC-E913-4AB1-8D54-75DC2E4C7BAF1656567790,False,2023-10-19 09:42:56,2023-10-19 09:42:56,103.199.32.82:29581|10.53.54.72_Prod,98,Phiên đăng nhập hết hiệu lực hoặc tài khoản đăng nhập thiết bị khác. Quý khách vui lòng thực hiện đăng nhập lại,98,,10,Lấy danh sách tài khoản,Sử dụng thông thường,Lấy thông tin giao dịch
xxxxxxxx85,948675000642320,101,"PREMB_10.53.93.64:9080, MB_10.53.93.70:8088",iPhone 11 Pro Max,IOS,16.6.1,5218,416D63AC-E913-4AB1-8D54-75DC2E4C7BAF1656567790,Success,2023-10-19 09:31:13,2023-10-19 09:31:13,103.199.32.82:48007|10.53.54.87_Prod,00,Success,INFO-00,,101,Xác nhận chuyển khoản nội bộ,Chuyển tiền,Dịch vụ chuyển khoản nội bộ
xxxxxxxx85,208298499026235,100,"PREMB_10.53.93.136:9080, MB_10.53.93.73:8088",iPhone 11 Pro Max,IOS,16.6.1,5218,416D63AC-E913-4AB1-8D54-75DC2E4C7BAF1656567790,Success,2023-10-19 09:31:12,2023-10-19 09:31:11,103.199.32.82:45687|10.53.54.87_Prod,00,Thành công,INFO-00,,100,Khởi tạo chuyển khoản nội bộ,Chuyển tiền,Dịch vụ chuyển khoản nội bộ
xxxxxxxx85,675462342439500,10,"PREMB_10.53.93.65:9080, MB_10.53.93.73:8088",iPhone 11 Pro Max,IOS,16.6.1,5218,416D63AC-E913-4AB1-8D54-75DC2E4C7BAF1656567790,Success,2023-10-19 09:30:52,2023-10-19 09:30:52,103.199.32.82:22201|10.53.54.87_Prod,00,Thành công,INFO-00,,10,Lấy danh sách tài khoản,Sử dụng thông thường,Lấy thông tin giao dịch
xxxxxxxx85,343608835938107,103,"PREMB_10.53.93.56:9080, MB_10.53.93.120:8085",iPhone 11 Pro Max,IOS,16.6.1,5218,416D63AC-E913-4AB1-8D54-75DC2E4C7BAF1656567790,Success,2023-10-19 09:26:40,2023-10-19 09:26:36,103.199.32.82:60566|10.53.54.81_Prod,00,Success,INFO-00,,103,Xác thực chuyển khoản 247 tới số tài khoản,Chuyển tiền,Dịch vụ chuyển khoản 247
xxxxxxxx85,26314601481430,102,"PREMB_10.53.93.116:9080, MB_10.53.93.77:8085",iPhone 11 Pro Max,IOS,16.6.1,5218,416D63AC-E913-4AB1-8D54-75DC2E4C7BAF1656567790,Success,2023-10-19 09:26:31,2023-10-19 09:26:30,103.199.32.82:45646|10.53.54.80_Prod,00,Thành công,INFO-00,,102,Khởi tạo chuyển khoản 247 tới số tài khoản,Chuyển tiền,Dịch vụ chuyển khoản 247
xxxxxxxx85,74558445590175,33,"PREMB_10.53.93.60:9080, MB_10.53.93.135:8081",iPhone 11 Pro Max,IOS,16.6.1,5218,416D63AC-E913-4AB1-8D54-75DC2E4C7BAF1656567790,Success,2023-10-19 09:25:37,2023-10-19 09:25:37,103.199.32.82:19080|10.53.54.83_Prod,00,Thành công,INFO-00,,33,Lấy giá trị configs,Sử dụng thông thường,Dịch vụ tùy biến ứng dụng
xxxxxxxx85,474818398373219,33,"PREMB_10.53.93.134:9080, MB_10.53.93.67:8081",iPhone 11 Pro Max,IOS,16.6.1,5218,416D63AC-E913-4AB1-8D54-75DC2E4C7BAF1656567790,Success,2023-10-19 09:25:37,2023-10-19 09:25:37,103.199.32.82:30121|10.53.54.89_Prod,00,Thành công,INFO-00,,33,Lấy giá trị configs,Sử dụng thông thường,Dịch vụ tùy biến ứng dụng
xxxxxxxx85,609703529184725,201,"PREMB_10.53.93.127:9080, MB_10.53.93.118:8085",iPhone 11 Pro Max,IOS,16.6.1,5218,416D63AC-E913-4AB1-8D54-75DC2E4C7BAF1656567790,Success,2023-10-19 09:25:36,2023-10-19 09:25:36,103.199.32.82:2533|10.53.54.81_Prod,00,Thành công,00,,201,"Lấy thông tin tài khoản,thẻ chuyển khoản 247",Lấy thông tin,Lấy thông tin giao dịch
xxxxxxxx85,996888686957868,10,"PREMB_10.53.93.64:9080, MB_10.53.93.70:8088",iPhone 11 Pro Max,IOS,16.6.1,5218,416D63AC-E913-4AB1-8D54-75DC2E4C7BAF1656567790,Success,2023-10-19 09:25:27,2023-10-19 09:25:27,103.199.32.82:26346|10.53.54.87_Prod,00,Thành công,INFO-00,,10,Lấy danh sách tài khoản,Sử dụng thông thường,Lấy thông tin giao dịch
xxxxxxxx85,520964054422347,225,"PREMB_10.53.93.54:9080, MB_10.53.93.83:8082",iPhone 11 Pro Max,IOS,16.6.1,5218,416D63AC-E913-4AB1-8D54-75DC2E4C7BAF1656567790,Success,2023-10-19 09:25:27,2023-10-19 09:25:26,103.199.32.82:15341|10.53.54.81_Prod,00,Thành công,00,,225,Lấy danh sách mẫu chuyển tiền,Danh bạ / mẫu,Dịch vụ mẫu chuyển tiền
xxxxxxxx85,590767568621695,59,"PREMB_10.53.93.127:9080, MB_10.53.93.68:8081",iPhone 11 Pro Max,IOS,16.6.1,5218,416D63AC-E913-4AB1-8D54-75DC2E4C7BAF1656567790,Success,2023-10-19 09:25:24,2023-10-19 09:25:24,103.199.32.82:49163|10.53.54.91_Prod,00,Thành công,INFO-00,,59,Lấy thông tin version,Sử dụng thông thường,Lấy thông tin dịch vụ
xxxxxxxx85,392943718896903,31,"PREMB_10.53.93.60:9080, MB_10.53.93.66:8081",iPhone 11 Pro Max,IOS,16.6.1,5218,416D63AC-E913-4AB1-8D54-75DC2E4C7BAF1656567790,Success,2023-10-19 09:25:24,2023-10-19 09:25:24,103.199.32.82:58548|10.53.54.89_Prod,00,Thành công,INFO-00,,31,Lấy danh sách Banner ,Sử dụng thông thường,Dịch vụ tùy biến ứng dụng
xxxxxxxx85,713091618233589,33,"PREMB_10.53.93.59:9080, MB_10.53.93.66:8081",iPhone 11 Pro Max,IOS,16.6.1,5218,416D63AC-E913-4AB1-8D54-75DC2E4C7BAF1656567790,Success,2023-10-19 09:25:24,2023-10-19 09:25:24,103.199.32.82:54465|10.53.54.83_Prod,00,Thành công,INFO-00,,33,Lấy giá trị configs,Sử dụng thông thường,Dịch vụ tùy biến ứng dụng
xxxxxxxx85,23171449997164,10,"PREMB_10.53.93.136:9080, MB_10.53.93.70:8088",iPhone 11 Pro Max,IOS,16.6.1,5218,416D63AC-E913-4AB1-8D54-75DC2E4C7BAF1656567790,Success,2023-10-19 09:25:22,2023-10-19 09:25:22,103.199.32.82:7417|10.53.54.72_Prod,00,Thành công,INFO-00,,10,Lấy danh sách tài khoản,Sử dụng thông thường,Lấy thông tin giao dịch
xxxxxxxx85,787830029519625,1,"PREMB_10.53.93.59:9080, MB_10.53.93.66:8081",iPhone 11 Pro Max,IOS,16.6.1,5218,416D63AC-E913-4AB1-8D54-75DC2E4C7BAF1656567790,Success,2023-10-19 09:25:21,2023-10-19 09:25:20,103.199.32.82:28122|10.53.54.83_Prod,777,"BIDV đã tích hợp phương thức xác thực Smart OTP trên SmartBanking đối với kênh Mobile và Internet cho phép Quý khách sử dụng và xác thực giao dịch thuận tiện, bảo mật với mã OTP. Quý khách vui lòng cài đặt Smart OTP và đặt mã PIN để bảo mật mã OTP khi xác thực giao dịch",AUTOACTIVESOTP-777,,1,Đăng nhập,Xác thực và Bảo mật,Đăng nhập
xxxxxxxx85,37216624084096,101,"PREMB_10.53.93.64:9080, MB_10.53.93.69:8088",iPhone 11 Pro Max,IOS,16.6.1,5218,416D63AC-E913-4AB1-8D54-75DC2E4C7BAF1656567790,Success,2023-10-19 08:08:13,2023-10-19 08:08:13,103.199.32.82:45490|10.53.54.87_Prod,00,Success,INFO-00,,101,Xác nhận chuyển khoản nội bộ,Chuyển tiền,Dịch vụ chuyển khoản nội bộ
xxxxxxxx85,578982708314135,100,"PREMB_10.53.93.65:9080, MB_10.53.93.71:8088",iPhone 11 Pro Max,IOS,16.6.1,5218,416D63AC-E913-4AB1-8D54-75DC2E4C7BAF1656567790,Success,2023-10-19 08:08:05,2023-10-19 08:08:05,103.199.32.82:8688|10.53.54.87_Prod,00,Thành công,INFO-00,,100,Khởi tạo chuyển khoản nội bộ,Chuyển tiền,Dịch vụ chuyển khoản nội bộ
xxxxxxxx85,557277599698181,225,"PREMB_10.53.93.54:9080, MB_10.53.93.83:8082",iPhone 11 Pro Max,IOS,16.6.1,5218,416D63AC-E913-4AB1-8D54-75DC2E4C7BAF1656567790,Success,2023-10-19 08:07:21,2023-10-19 08:07:21,103.199.32.82:42555|10.53.54.91_Prod,00,Thành công,00,,225,Lấy danh sách mẫu chuyển tiền,Danh bạ / mẫu,Dịch vụ mẫu chuyển tiền
xxxxxxxx85,544866684573390,10,"PREMB_10.53.93.136:9080, MB_10.53.93.70:8088",iPhone 11 Pro Max,IOS,16.6.1,5218,416D63AC-E913-4AB1-8D54-75DC2E4C7BAF1656567790,Success,2023-10-19 08:07:14,2023-10-19 08:07:14,103.199.32.82:34995|10.53.54.72_Prod,00,Thành công,INFO-00,,10,Lấy danh sách tài khoản,Sử dụng thông thường,Lấy thông tin giao dịch
xxxxxxxx85,363283388044859,59,"PREMB_10.53.93.56:9080, MB_10.53.93.66:8081",iPhone 11 Pro Max,IOS,16.6.1,5218,416D63AC-E913-4AB1-8D54-75DC2E4C7BAF1656567790,Success,2023-10-19 08:07:14,2023-10-19 08:07:14,103.199.32.82:17852|10.53.54.91_Prod,00,Thành công,INFO-00,,59,Lấy thông tin version,Sử dụng thông thường,Lấy thông tin dịch vụ
xxxxxxxx85,209772442419572,31,"PREMB_10.53.93.60:9080, MB_10.53.93.67:8081",iPhone 11 Pro Max,IOS,16.6.1,5218,416D63AC-E913-4AB1-8D54-75DC2E4C7BAF1656567790,Success,2023-10-19 08:07:14,2023-10-19 08:07:14,103.199.32.82:28864|10.53.54.83_Prod,00,Thành công,INFO-00,,31,Lấy danh sách Banner ,Sử dụng thông thường,Dịch vụ tùy biến ứng dụng
xxxxxxxx85,195511785928437,1,"PREMB_10.53.93.60:9080, MB_10.53.93.67:8081",iPhone 11 Pro Max,IOS,16.6.1,5218,416D63AC-E913-4AB1-8D54-75DC2E4C7BAF1656567790,Success,2023-10-19 08:07:13,2023-10-19 08:07:13,103.199.32.82:38613|10.53.54.89_Prod,777,"BIDV đã tích hợp phương thức xác thực Smart OTP trên SmartBanking đối với kênh Mobile và Internet cho phép Quý khách sử dụng và xác thực giao dịch thuận tiện, bảo mật với mã OTP. Quý khách vui lòng cài đặt Smart OTP và đặt mã PIN để bảo mật mã OTP khi xác thực giao dịch",AUTOACTIVESOTP-777,,1,Đăng nhập,Xác thực và Bảo mật,Đăng nhập
xxxxxxxx85,933326181585333,31,"PREMB_10.53.93.60:9080, MB_10.53.93.135:8081",iPhone 11 Pro Max,IOS,16.6.1,5218,416D63AC-E913-4AB1-8D54-75DC2E4C7BAF1656567790,Success,2023-10-19 08:06:39,2023-10-19 08:06:38,103.199.32.82:40794|10.53.54.83_Prod,00,Thành công,INFO-00,,31,Lấy danh sách Banner ,Sử dụng thông thường,Dịch vụ tùy biến ứng dụng
xxxxxxxx85,867164800382874,33,"PREMB_10.53.93.60:9080, MB_10.53.93.67:8081",iPhone 11 Pro Max,IOS,16.6.1,5218,416D63AC-E913-4AB1-8D54-75DC2E4C7BAF1656567790,Success,2023-10-19 08:06:38,2023-10-19 08:06:38,103.199.32.82:51096|10.53.54.89_Prod,00,Thành công,INFO-00,,33,Lấy giá trị configs,Sử dụng thông thường,Dịch vụ tùy biến ứng dụng
xxxxxxxx66,101687938513356,10,"PREMB_10.53.93.65:9080, MB_10.53.93.73:8088",iPhone 6S Plus,IOS,14.4.2,5218,F8334502-3359-4F45-BC5C-47E82B13FB701606796707,Success,2023-10-19 17:32:15,2023-10-19 17:32:15,113.164.182.26:58276|10.53.54.72_Prod,00,Thành công,INFO-00,,10,Lấy danh sách tài khoản,Sử dụng thông thường,Lấy thông tin giao dịch
xxxxxxxx66,967793482227320,101,"PREMB_10.53.93.64:9080, MB_10.53.93.72:8088",iPhone 6S Plus,IOS,14.4.2,5218,F8334502-3359-4F45-BC5C-47E82B13FB701606796707,Success,2023-10-19 17:31:49,2023-10-19 17:31:49,113.164.182.26:49372|10.53.54.87_Prod,00,Success,INFO-00,,101,Xác nhận chuyển khoản nội bộ,Chuyển tiền,Dịch vụ chuyển khoản nội bộ
xxxxxxxx66,233595671236069,100,"PREMB_10.53.93.65:9080, MB_10.53.93.73:8088",iPhone 6S Plus,IOS,14.4.2,5218,F8334502-3359-4F45-BC5C-47E82B13FB701606796707,Success,2023-10-19 17:31:45,2023-10-19 17:31:45,113.164.182.26:46091|10.53.54.72_Prod,00,Thành công,INFO-00,,100,Khởi tạo chuyển khoản nội bộ,Chuyển tiền,Dịch vụ chuyển khoản nội bộ
xxxxxxxx66,737969158077962,225,"PREMB_10.53.93.55:9080, MB_10.53.93.83:8082",iPhone 6S Plus,IOS,14.4.2,5218,F8334502-3359-4F45-BC5C-47E82B13FB701606796707,Success,2023-10-19 17:31:35,2023-10-19 17:31:35,113.164.182.26:29089|10.53.54.91_Prod,00,Thành công,00,,225,Lấy danh sách mẫu chuyển tiền,Danh bạ / mẫu,Dịch vụ mẫu chuyển tiền
xxxxxxxx66,129452974142519,200,"PREMB_10.53.93.65:9080, MB_10.53.93.73:8088",iPhone 6S Plus,IOS,14.4.2,5218,F8334502-3359-4F45-BC5C-47E82B13FB701606796707,Success,2023-10-19 17:31:35,2023-10-19 17:31:35,113.164.182.26:54978|10.53.54.87_Prod,00,Thành công,00,,200,Lấy thông tin tài khoản chuyển khoản nội bộ,Lấy thông tin,Lấy thông tin giao dịch
xxxxxxxx66,220038849947878,200,"PREMB_10.53.93.63:9080, MB_10.53.93.70:8088",iPhone 6S Plus,IOS,14.4.2,5218,F8334502-3359-4F45-BC5C-47E82B13FB701606796707,Success,2023-10-19 17:31:30,2023-10-19 17:31:30,113.164.182.26:22587|10.53.54.87_Prod,00,Thành công,00,,200,Lấy thông tin tài khoản chuyển khoản nội bộ,Lấy thông tin,Lấy thông tin giao dịch
xxxxxxxx66,576880959384769,10,"PREMB_10.53.93.64:9080, MB_10.53.93.74:8088",iPhone 6S Plus,IOS,14.4.2,5218,F8334502-3359-4F45-BC5C-47E82B13FB701606796707,Success,2023-10-19 17:30:43,2023-10-19 17:30:43,113.164.182.26:12215|10.53.54.72_Prod,00,Thành công,INFO-00,,10,Lấy danh sách tài khoản,Sử dụng thông thường,Lấy thông tin giao dịch
xxxxxxxx66,292787473677981,202,"PREMB_10.53.93.55:9080, MB_10.53.93.75:8083",iPhone 6S Plus,IOS,14.4.2,5218,F8334502-3359-4F45-BC5C-47E82B13FB701606796707,Success,2023-10-19 17:30:43,2023-10-19 17:30:43,113.164.182.26:22324|10.53.54.81_Prod,00,Success,00,,202,Lấy danh sách ngân hàng ck ngoài,Lấy thông tin,Lấy thông tin giao dịch
xxxxxxxx66,740135628239788,10,"PREMB_10.53.93.64:9080, MB_10.53.93.74:8088",iPhone 6S Plus,IOS,14.4.2,5218,F8334502-3359-4F45-BC5C-47E82B13FB701606796707,Success,2023-10-19 17:30:42,2023-10-19 17:30:42,113.164.182.26:42973|10.53.54.72_Prod,00,Thành công,INFO-00,,10,Lấy danh sách tài khoản,Sử dụng thông thường,Lấy thông tin giao dịch
xxxxxxxx66,741710062993217,59,"PREMB_10.53.93.127:9080, MB_10.53.93.68:8081",iPhone 6S Plus,IOS,14.4.2,5218,F8334502-3359-4F45-BC5C-47E82B13FB701606796707,Success,2023-10-19 17:30:04,2023-10-19 17:30:03,113.164.182.26:34731|10.53.54.82_Prod,00,Thành công,INFO-00,,59,Lấy thông tin version,Sử dụng thông thường,Lấy thông tin dịch vụ
xxxxxxxx66,321506590793233,31,"PREMB_10.53.93.59:9080, MB_10.53.93.66:8081",iPhone 6S Plus,IOS,14.4.2,5218,F8334502-3359-4F45-BC5C-47E82B13FB701606796707,Success,2023-10-19 17:30:03,2023-10-19 17:30:03,113.164.182.26:63640|10.53.54.89_Prod,00,Thành công,INFO-00,,31,Lấy danh sách Banner ,Sử dụng thông thường,Dịch vụ tùy biến ứng dụng
xxxxxxxx66,745322727454828,1,"PREMB_10.53.93.60:9080, MB_10.53.93.68:8081",iPhone 6S Plus,IOS,14.4.2,5218,F8334502-3359-4F45-BC5C-47E82B13FB701606796707,Success,2023-10-19 17:30:03,2023-10-19 17:30:03,113.164.182.26:56168|10.53.54.83_Prod,777,"BIDV đã tích hợp phương thức xác thực Smart OTP trên SmartBanking đối với kênh Mobile và Internet cho phép Quý khách sử dụng và xác thực giao dịch thuận tiện, bảo mật với mã OTP. Quý khách vui lòng cài đặt Smart OTP và đặt mã PIN để bảo mật mã OTP khi xác thực giao dịch",AUTOACTIVESOTP-777,,1,Đăng nhập,Xác thực và Bảo mật,Đăng nhập
xxxxxxxx66,310126567806013,1,"PREMB_10.53.93.59:9080, MB_10.53.93.135:8081",iPhone 6S Plus,IOS,14.4.2,5218,F8334502-3359-4F45-BC5C-47E82B13FB701606796707,False,2023-10-19 17:29:52,2023-10-19 17:29:52,113.164.182.26:9375|10.53.54.89_Prod,55,Thông tin đăng nhập không chính xác. Quý khách lưu ý: Dịch vụ SmartBanking sẽ bị khóa nếu Quý khách nhập sai mật khẩu 5 lần trở lên.,55,,1,Đăng nhập,Xác thực và Bảo mật,Đăng nhập
xxxxxxxx66,149428858476529,33,"PREMB_10.53.93.59:9080, MB_10.53.93.135:8081",iPhone 6S Plus,IOS,14.4.2,5218,F8334502-3359-4F45-BC5C-47E82B13FB701606796707,Success,2023-10-19 17:29:42,2023-10-19 17:29:42,113.164.182.26:21480|10.53.54.89_Prod,00,Thành công,INFO-00,,33,Lấy giá trị configs,Sử dụng thông thường,Dịch vụ tùy biến ứng dụng
xxxxxxxx66,685155933613865,31,"PREMB_10.53.93.59:9080, MB_10.53.93.66:8081",iPhone 6S Plus,IOS,14.4.2,5218,F8334502-3359-4F45-BC5C-47E82B13FB701606796707,Success,2023-10-19 17:29:42,2023-10-19 17:29:42,113.164.182.26:3029|10.53.54.89_Prod,00,Thành công,INFO-00,,31,Lấy danh sách Banner ,Sử dụng thông thường,Dịch vụ tùy biến ứng dụng
xxxxxxxx66,191674814989991,33,"PREMB_10.53.93.60:9080, MB_10.53.93.67:8081",iPhone 6S Plus,IOS,14.4.2,5218,F8334502-3359-4F45-BC5C-47E82B13FB701606796707,Success,2023-10-19 06:16:53,2023-10-19 06:16:53,116.104.230.177:20905|10.53.54.83_Prod,00,Thành công,INFO-00,,33,Lấy giá trị configs,Sử dụng thông thường,Dịch vụ tùy biến ứng dụng
xxxxxxxx66,856046986650913,31,"PREMB_10.53.93.60:9080, MB_10.53.93.67:8081",iPhone 6S Plus,IOS,14.4.2,5218,F8334502-3359-4F45-BC5C-47E82B13FB701606796707,Success,2023-10-19 06:16:53,2023-10-19 06:16:53,116.104.230.177:29664|10.53.54.83_Prod,00,Thành công,INFO-00,,31,Lấy danh sách Banner ,Sử dụng thông thường,Dịch vụ tùy biến ứng dụng
xxxxxxxx78,127674904152,10,"PREMB_10.53.93.64:9080, MB_10.53.93.72:8088",CPH2477,ANDROID,31,5.2.20,###dc1b1c2db3c385a2###00000000-38ac-37ad-ffff-ffffef05ac4a,Success,2023-10-19 08:55:32,2023-10-19 08:55:32,27.67.129.40:6044|10.53.54.87_Prod,00,Thành công,INFO-00,,10,Lấy danh sách tài khoản,Sử dụng thông thường,Lấy thông tin giao dịch
xxxxxxxx78,859064975240919,1,"PREMB_10.53.93.60:9080, MB_10.53.93.67:8081",CPH2477,ANDROID,31,5.2.20,###dc1b1c2db3c385a2###00000000-38ac-37ad-ffff-ffffef05ac4a,Success,2023-10-19 08:55:30,2023-10-19 08:55:30,27.67.129.40:20882|10.53.54.89_Prod,777,"BIDV đã tích hợp phương thức xác thực Smart OTP trên SmartBanking đối với kênh Mobile và Internet cho phép Quý khách sử dụng và xác thực giao dịch thuận tiện, bảo mật với mã OTP. Quý khách vui lòng cài đặt Smart OTP và đặt mã PIN để bảo mật mã OTP khi xác thực giao dịch",AUTOACTIVESOTP-777,,1,Đăng nhập,Xác thực và Bảo mật,Đăng nhập
xxxxxxxx78,562716817130564,59,"PREMB_10.53.93.56:9080, MB_10.53.93.68:8081",CPH2477,ANDROID,31,5.2.20,###dc1b1c2db3c385a2###00000000-38ac-37ad-ffff-ffffef05ac4a,Success,2023-10-19 08:53:12,2023-10-19 08:53:12,27.67.129.40:42668|10.53.54.91_Prod,00,Thành công,INFO-00,,59,Lấy thông tin version,Sử dụng thông thường,Lấy thông tin dịch vụ
xxxxxxxx78,933450437489603,31,"PREMB_10.53.93.134:9080, MB_10.53.93.66:8081",CPH2477,ANDROID,31,5.2.20,###dc1b1c2db3c385a2###00000000-38ac-37ad-ffff-ffffef05ac4a,Success,2023-10-19 08:53:11,2023-10-19 08:53:11,27.67.129.40:12821|10.53.54.89_Prod,00,Thành công,INFO-00,,31,Lấy danh sách Banner ,Sử dụng thông thường,Dịch vụ tùy biến ứng dụng
xxxxxxxx88,703649654372419,59,"PREMB_10.53.93.56:9080, MB_10.53.93.68:8081",RMX1821,ANDROID,29,5.2.20,###fac109c8dd4a584e###00000000-385b-dbaf-ffff-ffffef05ac4a,Success,2023-10-19 07:24:11,2023-10-19 07:24:11,113.160.112.63:38128|10.53.54.81_Prod,00,Thành công,INFO-00,,59,Lấy thông tin version,Sử dụng thông thường,Lấy thông tin dịch vụ
xxxxxxxx88,106708473754579,9,"PREMB_10.53.93.59:9080, MB_10.53.93.66:8081",RMX1821,ANDROID,29,5.2.20,###fac109c8dd4a584e###00000000-385b-dbaf-ffff-ffffef05ac4a,Success,2023-10-19 07:24:11,2023-10-19 07:24:11,113.160.112.63:4021|10.53.54.83_Prod,00,Thành công,INFO-00,,9,Logout,Xác thực và Bảo mật,Đăng xuất
xxxxxxxx88,849127065072800,122,"PREMB_10.53.93.58:9080, MB_10.53.93.79:8086",RMX1821,ANDROID,29,5.2.20,###fac109c8dd4a584e###00000000-385b-dbaf-ffff-ffffef05ac4a,Success,2023-10-19 07:23:37,2023-10-19 07:23:36,113.160.112.63:3500|10.53.54.85_Prod,00,Success,00,,122,Xác nhận thanh toán hóa đơn,Dịch vụ khác,Dịch vụ hóa đơn
xxxxxxxx88,290472223768019,33,"PREMB_10.53.93.59:9080, MB_10.53.93.67:8081",RMX1821,ANDROID,29,5.2.20,###fac109c8dd4a584e###00000000-385b-dbaf-ffff-ffffef05ac4a,Success,2023-10-19 07:23:12,2023-10-19 07:23:12,113.160.112.63:59072|10.53.54.83_Prod,00,Thành công,INFO-00,,33,Lấy giá trị configs,Sử dụng thông thường,Dịch vụ tùy biến ứng dụng
xxxxxxxx88,488157316864384,121,"PREMB_10.53.93.57:9080, MB_10.53.93.80:8086",RMX1821,ANDROID,29,5.2.20,###fac109c8dd4a584e###00000000-385b-dbaf-ffff-ffffef05ac4a,Success,2023-10-19 07:23:11,2023-10-19 07:23:11,113.160.112.63:12486|10.53.54.90_Prod,00,Success,INFO-00,,121,Khởi tạo thanh toán hóa đơn,Dịch vụ khác,Dịch vụ hóa đơn
xxxxxxxx88,698398207805127,120,"PREMB_10.53.93.58:9080, MB_10.53.93.79:8086",RMX1821,ANDROID,29,5.2.20,###fac109c8dd4a584e###00000000-385b-dbaf-ffff-ffffef05ac4a,Success,2023-10-19 07:23:10,2023-10-19 07:23:09,113.160.112.63:4853|10.53.54.85_Prod,00,Success,00,,120,Truy vấn thông tin hóa đơn,Dịch vụ khác,Dịch vụ hóa đơn
xxxxxxxx88,735863568283467,10,"PREMB_10.53.93.63:9080, MB_10.53.93.72:8088",RMX1821,ANDROID,29,5.2.20,###fac109c8dd4a584e###00000000-385b-dbaf-ffff-ffffef05ac4a,Success,2023-10-19 07:21:25,2023-10-19 07:21:25,113.160.112.63:16972|10.53.54.87_Prod,00,Thành công,INFO-00,,10,Lấy danh sách tài khoản,Sử dụng thông thường,Lấy thông tin giao dịch
xxxxxxxx88,42056131166776,230,"PREMB_10.53.93.56:9080, MB_10.53.93.84:8082",RMX1821,ANDROID,29,5.2.20,###fac109c8dd4a584e###00000000-385b-dbaf-ffff-ffffef05ac4a,Success,2023-10-19 07:19:43,2023-10-19 07:19:43,113.160.112.63:12121|10.53.54.82_Prod,00,Thành công,00,,230,Lấy lịch sử topup,Thanh toán,Dịch vụ lịch sử Topup
xxxxxxxx88,649760201541144,235,"PREMB_10.53.93.54:9080, MB_10.53.93.84:8082",RMX1821,ANDROID,29,5.2.20,###fac109c8dd4a584e###00000000-385b-dbaf-ffff-ffffef05ac4a,Success,2023-10-19 07:19:43,2023-10-19 07:19:42,113.160.112.63:56203|10.53.54.81_Prod,00,Thành công,00,,235,Lấy danh sách mẫu thanh toán,Danh bạ / mẫu,Dịch vụ mẫu thanh toán
xxxxxxxx88,655866582710912,119,"PREMB_10.53.93.57:9080, MB_10.53.93.79:8086",RMX1821,ANDROID,29,5.2.20,###fac109c8dd4a584e###00000000-385b-dbaf-ffff-ffffef05ac4a,Success,2023-10-19 07:19:40,2023-10-19 07:19:37,113.160.112.63:8021|10.53.54.90_Prod,00,Success,00,,119,"Lấy danh sách nhà cung cấp, dịch vụ TTHD",Dịch vụ khác,Dịch vụ hóa đơn
xxxxxxxx88,412085335127003,202,"PREMB_10.53.93.127:9080, MB_10.53.93.76:8083",RMX1821,ANDROID,29,5.2.20,###fac109c8dd4a584e###00000000-385b-dbaf-ffff-ffffef05ac4a,Success,2023-10-19 07:19:36,2023-10-19 07:19:36,113.160.112.63:24570|10.53.54.82_Prod,00,Success,00,,202,Lấy danh sách ngân hàng ck ngoài,Lấy thông tin,Lấy thông tin giao dịch
xxxxxxxx88,440057452405495,59,"PREMB_10.53.93.127:9080, MB_10.53.93.66:8081",RMX1821,ANDROID,29,5.2.20,###fac109c8dd4a584e###00000000-385b-dbaf-ffff-ffffef05ac4a,Success,2023-10-19 07:19:05,2023-10-19 07:19:05,113.160.112.63:49497|10.53.54.82_Prod,00,Thành công,INFO-00,,59,Lấy thông tin version,Sử dụng thông thường,Lấy thông tin dịch vụ
xxxxxxxx88,659073010899196,1,"PREMB_10.53.93.59:9080, MB_10.53.93.66:8081",RMX1821,ANDROID,29,5.2.20,###fac109c8dd4a584e###00000000-385b-dbaf-ffff-ffffef05ac4a,Success,2023-10-19 07:19:04,2023-10-19 07:19:03,113.160.112.63:24155|10.53.54.89_Prod,777,"BIDV đã tích hợp phương thức xác thực Smart OTP trên SmartBanking đối với kênh Mobile và Internet cho phép Quý khách sử dụng và xác thực giao dịch thuận tiện, bảo mật với mã OTP. Quý khách vui lòng cài đặt Smart OTP và đặt mã PIN để bảo mật mã OTP khi xác thực giao dịch",AUTOACTIVESOTP-777,,1,Đăng nhập,Xác thực và Bảo mật,Đăng nhập
xxxxxxxx88,474816098001006,59,"PREMB_10.53.93.127:9080, MB_10.53.93.135:8081",RMX1821,ANDROID,29,5.2.20,###fac109c8dd4a584e###00000000-385b-dbaf-ffff-ffffef05ac4a,Success,2023-10-19 07:18:41,2023-10-19 07:18:41,113.160.112.63:25314|10.53.54.81_Prod,00,Thành công,INFO-00,,59,Lấy thông tin version,Sử dụng thông thường,Lấy thông tin dịch vụ
xxxxxxxx88,644199263893076,31,"PREMB_10.53.93.59:9080, MB_10.53.93.135:8081",RMX1821,ANDROID,29,5.2.20,###fac109c8dd4a584e###00000000-385b-dbaf-ffff-ffffef05ac4a,Success,2023-10-19 07:18:41,2023-10-19 07:18:41,113.160.112.63:32678|10.53.54.83_Prod,00,Thành công,INFO-00,,31,Lấy danh sách Banner ,Sử dụng thông thường,Dịch vụ tùy biến ứng dụng
xxxxxxxx73,588676418325523,31,"PREMB_10.53.93.134:9080, MB_10.53.93.66:8081",iPhone 6S Plus,IOS,15.5,5217,26DBA949-4A81-49DA-A8B2-5935E659CE22,Success,2023-10-19 19:41:32,2023-10-19 19:41:32,59.153.234.190:36182|10.53.54.83_Prod,00,Thành công,INFO-00,,31,Lấy danh sách Banner ,Sử dụng thông thường,Dịch vụ tùy biến ứng dụng
xxxxxxxx73,119595619103475,33,"PREMB_10.53.93.60:9080, MB_10.53.93.66:8081",iPhone 6S Plus,IOS,15.5,5217,26DBA949-4A81-49DA-A8B2-5935E659CE22,Success,2023-10-19 19:41:32,2023-10-19 19:41:32,59.153.234.190:55696|10.53.54.89_Prod,00,Thành công,INFO-00,,33,Lấy giá trị configs,Sử dụng thông thường,Dịch vụ tùy biến ứng dụng
xxxxxxxx73,174639852293469,103,"PREMB_10.53.93.115:9080, MB_10.53.93.120:8085",iPhone 6S Plus,IOS,15.5,5217,26DBA949-4A81-49DA-A8B2-5935E659CE22,Success,2023-10-19 17:55:11,2023-10-19 17:55:09,59.153.238.149:7192|10.53.54.84_Prod,00,Success,INFO-00,,103,Xác thực chuyển khoản 247 tới số tài khoản,Chuyển tiền,Dịch vụ chuyển khoản 247
xxxxxxxx73,425864669179,102,"PREMB_10.53.93.114:9080, MB_10.53.93.77:8085",iPhone 6S Plus,IOS,15.5,5217,26DBA949-4A81-49DA-A8B2-5935E659CE22,Success,2023-10-19 17:54:58,2023-10-19 17:54:57,59.153.238.149:41699|10.53.54.88_Prod,00,Thành công,INFO-00,,102,Khởi tạo chuyển khoản 247 tới số tài khoản,Chuyển tiền,Dịch vụ chuyển khoản 247
xxxxxxxx73,97352512883249,33,"PREMB_10.53.93.60:9080, MB_10.53.93.66:8081",iPhone 6S Plus,IOS,15.5,5217,26DBA949-4A81-49DA-A8B2-5935E659CE22,Success,2023-10-19 17:54:52,2023-10-19 17:54:52,59.153.238.149:44931|10.53.54.89_Prod,00,Thành công,INFO-00,,33,Lấy giá trị configs,Sử dụng thông thường,Dịch vụ tùy biến ứng dụng
xxxxxxxx73,774961717964459,33,"PREMB_10.53.93.59:9080, MB_10.53.93.68:8081",iPhone 6S Plus,IOS,15.5,5217,26DBA949-4A81-49DA-A8B2-5935E659CE22,Success,2023-10-19 17:54:52,2023-10-19 17:54:52,59.153.238.149:45827|10.53.54.83_Prod,00,Thành công,INFO-00,,33,Lấy giá trị configs,Sử dụng thông thường,Dịch vụ tùy biến ứng dụng
xxxxxxxx73,188803611196083,201,"PREMB_10.53.93.116:9080, MB_10.53.93.118:8085",iPhone 6S Plus,IOS,15.5,5217,26DBA949-4A81-49DA-A8B2-5935E659CE22,Success,2023-10-19 17:54:52,2023-10-19 17:54:52,59.153.238.149:33689|10.53.54.80_Prod,00,Thành công,00,,201,"Lấy thông tin tài khoản,thẻ chuyển khoản 247",Lấy thông tin,Lấy thông tin giao dịch
xxxxxxxx73,233532443005994,202,"PREMB_10.53.93.54:9080, MB_10.53.93.75:8083",iPhone 6S Plus,IOS,15.5,5217,26DBA949-4A81-49DA-A8B2-5935E659CE22,Success,2023-10-19 17:54:51,2023-10-19 17:54:51,59.153.238.149:2476|10.53.54.81_Prod,00,Success,00,,202,Lấy danh sách ngân hàng ck ngoài,Lấy thông tin,Lấy thông tin giao dịch
xxxxxxxx73,313206205280580,10,"PREMB_10.53.93.63:9080, MB_10.53.93.70:8088",iPhone 6S Plus,IOS,15.5,5217,26DBA949-4A81-49DA-A8B2-5935E659CE22,Success,2023-10-19 17:54:51,2023-10-19 17:54:51,59.153.238.149:57193|10.53.54.87_Prod,00,Thành công,INFO-00,,10,Lấy danh sách tài khoản,Sử dụng thông thường,Lấy thông tin giao dịch
xxxxxxxx73,678554088254275,59,"PREMB_10.53.93.56:9080, MB_10.53.93.68:8081",iPhone 6S Plus,IOS,15.5,5217,26DBA949-4A81-49DA-A8B2-5935E659CE22,Success,2023-10-19 17:54:35,2023-10-19 17:54:35,59.153.238.149:26120|10.53.54.91_Prod,00,Thành công,INFO-00,,59,Lấy thông tin version,Sử dụng thông thường,Lấy thông tin dịch vụ
xxxxxxxx73,50597793379026,31,"PREMB_10.53.93.60:9080, MB_10.53.93.135:8081",iPhone 6S Plus,IOS,15.5,5217,26DBA949-4A81-49DA-A8B2-5935E659CE22,Success,2023-10-19 17:54:35,2023-10-19 17:54:35,59.153.238.149:2668|10.53.54.83_Prod,00,Thành công,INFO-00,,31,Lấy danh sách Banner ,Sử dụng thông thường,Dịch vụ tùy biến ứng dụng
xxxxxxxx73,966121559412682,1,"PREMB_10.53.93.59:9080, MB_10.53.93.66:8081",iPhone 6S Plus,IOS,15.5,5217,26DBA949-4A81-49DA-A8B2-5935E659CE22,Success,2023-10-19 17:54:34,2023-10-19 17:54:34,59.153.238.149:19211|10.53.54.83_Prod,00,Thành công,INFO-00,,1,Đăng nhập,Xác thực và Bảo mật,Đăng nhập
xxxxxxxx73,51460737795115,31,"PREMB_10.53.93.60:9080, MB_10.53.93.135:8081",iPhone 6S Plus,IOS,15.5,5217,26DBA949-4A81-49DA-A8B2-5935E659CE22,Success,2023-10-19 17:54:26,2023-10-19 17:54:26,59.153.238.149:60619|10.53.54.83_Prod,00,Thành công,INFO-00,,31,Lấy danh sách Banner ,Sử dụng thông thường,Dịch vụ tùy biến ứng dụng
xxxxxxxx73,786889054140746,33,"PREMB_10.53.93.134:9080, MB_10.53.93.135:8081",iPhone 6S Plus,IOS,15.5,5217,26DBA949-4A81-49DA-A8B2-5935E659CE22,Success,2023-10-19 17:54:26,2023-10-19 17:54:26,59.153.238.149:11966|10.53.54.89_Prod,00,Thành công,INFO-00,,33,Lấy giá trị configs,Sử dụng thông thường,Dịch vụ tùy biến ứng dụng
xxxxxxxx05,76278276522587,103,"PREMB_10.53.93.116:9080, MB_10.53.93.120:8085",iPhone 11,IOS,15.6.1,5218,2D5150CD-3373-4657-8288-0F6AE4D36D3A1639559807,Success,2023-10-19 21:10:33,2023-10-19 21:10:33,27.67.16.209:35493|10.53.54.84_Prod,00,Success,INFO-00,,103,Xác thực chuyển khoản 247 tới số tài khoản,Chuyển tiền,Dịch vụ chuyển khoản 247
xxxxxxxx05,752061146842169,102,"PREMB_10.53.93.114:9080, MB_10.53.93.119:8085",iPhone 11,IOS,15.6.1,5218,2D5150CD-3373-4657-8288-0F6AE4D36D3A1639559807,Success,2023-10-19 21:10:31,2023-10-19 21:10:30,27.67.16.209:11111|10.53.54.73_Prod,00,Thành công,INFO-00,,102,Khởi tạo chuyển khoản 247 tới số tài khoản,Chuyển tiền,Dịch vụ chuyển khoản 247
xxxxxxxx05,973384009445447,33,"PREMB_10.53.93.59:9080, MB_10.53.93.135:8081",iPhone 11,IOS,15.6.1,5218,2D5150CD-3373-4657-8288-0F6AE4D36D3A1639559807,Success,2023-10-19 21:10:09,2023-10-19 21:10:09,27.67.16.209:45984|10.53.54.89_Prod,00,Thành công,INFO-00,,33,Lấy giá trị configs,Sử dụng thông thường,Dịch vụ tùy biến ứng dụng
xxxxxxxx05,82809990745134,201,"PREMB_10.53.93.114:9080, MB_10.53.93.118:8085",iPhone 11,IOS,15.6.1,5218,2D5150CD-3373-4657-8288-0F6AE4D36D3A1639559807,Success,2023-10-19 21:10:08,2023-10-19 21:10:07,27.67.16.209:20702|10.53.54.73_Prod,00,Thành công,00,,201,"Lấy thông tin tài khoản,thẻ chuyển khoản 247",Lấy thông tin,Lấy thông tin giao dịch
xxxxxxxx05,703385336736645,10,"PREMB_10.53.93.64:9080, MB_10.53.93.69:8088",iPhone 11,IOS,15.6.1,5218,2D5150CD-3373-4657-8288-0F6AE4D36D3A1639559807,Success,2023-10-19 21:09:52,2023-10-19 21:09:52,27.67.16.209:11166|10.53.54.72_Prod,00,Thành công,INFO-00,,10,Lấy danh sách tài khoản,Sử dụng thông thường,Lấy thông tin giao dịch
xxxxxxxx05,968244732897449,220,"PREMB_10.53.93.55:9080, MB_10.53.93.83:8082",iPhone 11,IOS,15.6.1,5218,2D5150CD-3373-4657-8288-0F6AE4D36D3A1639559807,Success,2023-10-19 21:09:51,2023-10-19 21:09:51,27.67.16.209:37501|10.53.54.91_Prod,00,Thành công,00,,220,Lấy danh sách danh bạ thụ hưởng,Danh bạ / mẫu,Dịch vụ danh bạ thụ hưởng
xxxxxxxx05,442399052432082,103,"PREMB_10.53.93.54:9080, MB_10.53.93.118:8085",iPhone 11,IOS,15.6.1,5218,2D5150CD-3373-4657-8288-0F6AE4D36D3A1639559807,Success,2023-10-19 21:08:20,2023-10-19 21:08:20,27.67.16.209:10858|10.53.54.81_Prod,00,Success,INFO-00,,103,Xác thực chuyển khoản 247 tới số tài khoản,Chuyển tiền,Dịch vụ chuyển khoản 247
xxxxxxxx05,627226972513390,102,"PREMB_10.53.93.61:9080, MB_10.53.93.120:8085",iPhone 11,IOS,15.6.1,5218,2D5150CD-3373-4657-8288-0F6AE4D36D3A1639559807,Success,2023-10-19 21:08:16,2023-10-19 21:08:16,27.67.16.209:31773|10.53.54.79_Prod,00,Thành công,INFO-00,,102,Khởi tạo chuyển khoản 247 tới số tài khoản,Chuyển tiền,Dịch vụ chuyển khoản 247
xxxxxxxx05,55612719823753,33,"PREMB_10.53.93.60:9080, MB_10.53.93.68:8081",iPhone 11,IOS,15.6.1,5218,2D5150CD-3373-4657-8288-0F6AE4D36D3A1639559807,Success,2023-10-19 21:07:46,2023-10-19 21:07:46,27.67.16.209:45101|10.53.54.83_Prod,00,Thành công,INFO-00,,33,Lấy giá trị configs,Sử dụng thông thường,Dịch vụ tùy biến ứng dụng
xxxxxxxx05,178552115734339,201,"PREMB_10.53.93.56:9080, MB_10.53.93.120:8085",iPhone 11,IOS,15.6.1,5218,2D5150CD-3373-4657-8288-0F6AE4D36D3A1639559807,Success,2023-10-19 21:07:45,2023-10-19 21:07:45,27.67.16.209:3623|10.53.54.81_Prod,00,Thành công,00,,201,"Lấy thông tin tài khoản,thẻ chuyển khoản 247",Lấy thông tin,Lấy thông tin giao dịch
xxxxxxxx05,136965258659780,201,"PREMB_10.53.93.61:9080, MB_10.53.93.77:8085",iPhone 11,IOS,15.6.1,5218,2D5150CD-3373-4657-8288-0F6AE4D36D3A1639559807,Success,2023-10-19 21:07:39,2023-10-19 21:07:39,27.67.16.209:26287|10.53.54.73_Prod,00,Thành công,00,,201,"Lấy thông tin tài khoản,thẻ chuyển khoản 247",Lấy thông tin,Lấy thông tin giao dịch
xxxxxxxx05,907003322416125,10,"PREMB_10.53.93.63:9080, MB_10.53.93.74:8088",iPhone 11,IOS,15.6.1,5218,2D5150CD-3373-4657-8288-0F6AE4D36D3A1639559807,Success,2023-10-19 21:07:25,2023-10-19 21:07:25,27.67.16.209:48032|10.53.54.87_Prod,00,Thành công,INFO-00,,10,Lấy danh sách tài khoản,Sử dụng thông thường,Lấy thông tin giao dịch
xxxxxxxx05,240756831004395,225,"PREMB_10.53.93.127:9080, MB_10.53.93.84:8082",iPhone 11,IOS,15.6.1,5218,2D5150CD-3373-4657-8288-0F6AE4D36D3A1639559807,Success,2023-10-19 21:07:24,2023-10-19 21:07:24,27.67.16.209:17495|10.53.54.82_Prod,00,Thành công,00,,225,Lấy danh sách mẫu chuyển tiền,Danh bạ / mẫu,Dịch vụ mẫu chuyển tiền
xxxxxxxx05,875740915624128,10,"PREMB_10.53.93.136:9080, MB_10.53.93.72:8088",iPhone 11,IOS,15.6.1,5218,2D5150CD-3373-4657-8288-0F6AE4D36D3A1639559807,Success,2023-10-19 21:07:23,2023-10-19 21:07:23,27.67.16.209:53206|10.53.54.72_Prod,00,Thành công,INFO-00,,10,Lấy danh sách tài khoản,Sử dụng thông thường,Lấy thông tin giao dịch
xxxxxxxx05,285357741378020,59,"PREMB_10.53.93.55:9080, MB_10.53.93.67:8081",iPhone 11,IOS,15.6.1,5218,2D5150CD-3373-4657-8288-0F6AE4D36D3A1639559807,Success,2023-10-19 21:07:23,2023-10-19 21:07:23,27.67.16.209:18739|10.53.54.82_Prod,00,Thành công,INFO-00,,59,Lấy thông tin version,Sử dụng thông thường,Lấy thông tin dịch vụ
xxxxxxxx05,127018666259486,31,"PREMB_10.53.93.134:9080, MB_10.53.93.66:8081",iPhone 11,IOS,15.6.1,5218,2D5150CD-3373-4657-8288-0F6AE4D36D3A1639559807,Success,2023-10-19 21:07:23,2023-10-19 21:07:23,27.67.16.209:16485|10.53.54.89_Prod,00,Thành công,INFO-00,,31,Lấy danh sách Banner ,Sử dụng thông thường,Dịch vụ tùy biến ứng dụng
xxxxxxxx05,907585168648566,33,"PREMB_10.53.93.134:9080, MB_10.53.93.66:8081",iPhone 11,IOS,15.6.1,5218,2D5150CD-3373-4657-8288-0F6AE4D36D3A1639559807,Success,2023-10-19 21:07:23,2023-10-19 21:07:23,27.67.16.209:57538|10.53.54.89_Prod,00,Thành công,INFO-00,,33,Lấy giá trị configs,Sử dụng thông thường,Dịch vụ tùy biến ứng dụng
xxxxxxxx05,952651652950236,1,"PREMB_10.53.93.59:9080, MB_10.53.93.135:8081",iPhone 11,IOS,15.6.1,5218,2D5150CD-3373-4657-8288-0F6AE4D36D3A1639559807,Success,2023-10-19 21:07:23,2023-10-19 21:07:23,27.67.16.209:52376|10.53.54.83_Prod,777,"BIDV đã tích hợp phương thức xác thực Smart OTP trên SmartBanking đối với kênh Mobile và Internet cho phép Quý khách sử dụng và xác thực giao dịch thuận tiện, bảo mật với mã OTP. Quý khách vui lòng cài đặt Smart OTP và đặt mã PIN để bảo mật mã OTP khi xác thực giao dịch",AUTOACTIVESOTP-777,,1,Đăng nhập,Xác thực và Bảo mật,Đăng nhập
xxxxxxxx05,580885615679537,103,"PREMB_10.53.93.55:9080, MB_10.53.93.119:8085",iPhone 11,IOS,15.6.1,5218,2D5150CD-3373-4657-8288-0F6AE4D36D3A1639559807,Success,2023-10-19 17:09:07,2023-10-19 17:09:06,27.67.16.209:44184|10.53.54.81_Prod,00,Success,INFO-00,,103,Xác thực chuyển khoản 247 tới số tài khoản,Chuyển tiền,Dịch vụ chuyển khoản 247
xxxxxxxx05,185049478953008,102,"PREMB_10.53.93.61:9080, MB_10.53.93.119:8085",iPhone 11,IOS,15.6.1,5218,2D5150CD-3373-4657-8288-0F6AE4D36D3A1639559807,Success,2023-10-19 17:09:02,2023-10-19 17:09:01,27.67.16.209:34624|10.53.54.78_Prod,00,Thành công,INFO-00,,102,Khởi tạo chuyển khoản 247 tới số tài khoản,Chuyển tiền,Dịch vụ chuyển khoản 247
xxxxxxxx05,799386516862217,33,"PREMB_10.53.93.60:9080, MB_10.53.93.66:8081",iPhone 11,IOS,15.6.1,5218,2D5150CD-3373-4657-8288-0F6AE4D36D3A1639559807,Success,2023-10-19 17:08:26,2023-10-19 17:08:26,27.67.16.209:23096|10.53.54.89_Prod,00,Thành công,INFO-00,,33,Lấy giá trị configs,Sử dụng thông thường,Dịch vụ tùy biến ứng dụng
xxxxxxxx05,552126323373673,225,"PREMB_10.53.93.56:9080, MB_10.53.93.83:8082",iPhone 11,IOS,15.6.1,5218,2D5150CD-3373-4657-8288-0F6AE4D36D3A1639559807,Success,2023-10-19 17:08:26,2023-10-19 17:08:26,27.67.16.209:32108|10.53.54.82_Prod,00,Thành công,00,,225,Lấy danh sách mẫu chuyển tiền,Danh bạ / mẫu,Dịch vụ mẫu chuyển tiền
xxxxxxxx05,633129652313853,201,"PREMB_10.53.93.116:9080, MB_10.53.93.119:8085",iPhone 11,IOS,15.6.1,5218,2D5150CD-3373-4657-8288-0F6AE4D36D3A1639559807,Success,2023-10-19 17:08:25,2023-10-19 17:08:23,27.67.16.209:27498|10.53.54.80_Prod,00,Thành công,00,,201,"Lấy thông tin tài khoản,thẻ chuyển khoản 247",Lấy thông tin,Lấy thông tin giao dịch
xxxxxxxx05,89622231230189,10,"PREMB_10.53.93.64:9080, MB_10.53.93.72:8088",iPhone 11,IOS,15.6.1,5218,2D5150CD-3373-4657-8288-0F6AE4D36D3A1639559807,Success,2023-10-19 17:06:20,2023-10-19 17:06:20,27.67.16.209:30653|10.53.54.72_Prod,00,Thành công,INFO-00,,10,Lấy danh sách tài khoản,Sử dụng thông thường,Lấy thông tin giao dịch
xxxxxxxx05,962159613283463,10,"PREMB_10.53.93.63:9080, MB_10.53.93.71:8088",iPhone 11,IOS,15.6.1,5218,2D5150CD-3373-4657-8288-0F6AE4D36D3A1639559807,Success,2023-10-19 17:05:56,2023-10-19 17:05:55,27.67.16.209:29459|10.53.54.87_Prod,00,Thành công,INFO-00,,10,Lấy danh sách tài khoản,Sử dụng thông thường,Lấy thông tin giao dịch
xxxxxxxx05,158386185775210,59,"PREMB_10.53.93.55:9080, MB_10.53.93.67:8081",iPhone 11,IOS,15.6.1,5218,2D5150CD-3373-4657-8288-0F6AE4D36D3A1639559807,Success,2023-10-19 17:05:56,2023-10-19 17:05:55,27.67.16.209:33191|10.53.54.82_Prod,00,Thành công,INFO-00,,59,Lấy thông tin version,Sử dụng thông thường,Lấy thông tin dịch vụ
xxxxxxxx05,347619837012656,33,"PREMB_10.53.93.60:9080, MB_10.53.93.66:8081",iPhone 11,IOS,15.6.1,5218,2D5150CD-3373-4657-8288-0F6AE4D36D3A1639559807,Success,2023-10-19 17:05:56,2023-10-19 17:05:55,27.67.16.209:7220|10.53.54.83_Prod,00,Thành công,INFO-00,,33,Lấy giá trị configs,Sử dụng thông thường,Dịch vụ tùy biến ứng dụng
xxxxxxxx05,652581596361052,31,"PREMB_10.53.93.59:9080, MB_10.53.93.66:8081",iPhone 11,IOS,15.6.1,5218,2D5150CD-3373-4657-8288-0F6AE4D36D3A1639559807,Success,2023-10-19 17:05:56,2023-10-19 17:05:55,27.67.16.209:35236|10.53.54.89_Prod,00,Thành công,INFO-00,,31,Lấy danh sách Banner ,Sử dụng thông thường,Dịch vụ tùy biến ứng dụng
xxxxxxxx05,867531944010135,1,"PREMB_10.53.93.60:9080, MB_10.53.93.66:8081",iPhone 11,IOS,15.6.1,5218,2D5150CD-3373-4657-8288-0F6AE4D36D3A1639559807,Success,2023-10-19 17:05:55,2023-10-19 17:05:55,27.67.16.209:34166|10.53.54.89_Prod,777,"BIDV đã tích hợp phương thức xác thực Smart OTP trên SmartBanking đối với kênh Mobile và Internet cho phép Quý khách sử dụng và xác thực giao dịch thuận tiện, bảo mật với mã OTP. Quý khách vui lòng cài đặt Smart OTP và đặt mã PIN để bảo mật mã OTP khi xác thực giao dịch",AUTOACTIVESOTP-777,,1,Đăng nhập,Xác thực và Bảo mật,Đăng nhập
xxxxxxxx05,885504802957980,225,"PREMB_10.53.93.55:9080, MB_10.53.93.83:8082",iPhone 11,IOS,15.6.1,5218,2D5150CD-3373-4657-8288-0F6AE4D36D3A1639559807,Success,2023-10-19 16:28:23,2023-10-19 16:28:23,27.67.16.209:18628|10.53.54.81_Prod,00,Thành công,00,,225,Lấy danh sách mẫu chuyển tiền,Danh bạ / mẫu,Dịch vụ mẫu chuyển tiền
xxxxxxxx05,793640296185236,33,"PREMB_10.53.93.59:9080, MB_10.53.93.68:8081",iPhone 11,IOS,15.6.1,5218,2D5150CD-3373-4657-8288-0F6AE4D36D3A1639559807,Success,2023-10-19 16:28:23,2023-10-19 16:28:23,27.67.16.209:47742|10.53.54.83_Prod,00,Thành công,INFO-00,,33,Lấy giá trị configs,Sử dụng thông thường,Dịch vụ tùy biến ứng dụng
xxxxxxxx05,260891258051702,201,"PREMB_10.53.93.117:9080, MB_10.53.93.78:8085",iPhone 11,IOS,15.6.1,5218,2D5150CD-3373-4657-8288-0F6AE4D36D3A1639559807,Success,2023-10-19 16:28:21,2023-10-19 16:28:20,27.67.16.209:64504|10.53.54.84_Prod,00,Thành công,00,,201,"Lấy thông tin tài khoản,thẻ chuyển khoản 247",Lấy thông tin,Lấy thông tin giao dịch
xxxxxxxx05,179224009581061,10,"PREMB_10.53.93.65:9080, MB_10.53.93.74:8088",iPhone 11,IOS,15.6.1,5218,2D5150CD-3373-4657-8288-0F6AE4D36D3A1639559807,Success,2023-10-19 16:28:06,2023-10-19 16:28:06,27.67.16.209:45148|10.53.54.87_Prod,00,Thành công,INFO-00,,10,Lấy danh sách tài khoản,Sử dụng thông thường,Lấy thông tin giao dịch
xxxxxxxx05,392385827417698,10,"PREMB_10.53.93.65:9080, MB_10.53.93.73:8088",iPhone 11,IOS,15.6.1,5218,2D5150CD-3373-4657-8288-0F6AE4D36D3A1639559807,Success,2023-10-19 16:28:05,2023-10-19 16:28:04,27.67.16.209:41298|10.53.54.72_Prod,00,Thành công,INFO-00,,10,Lấy danh sách tài khoản,Sử dụng thông thường,Lấy thông tin giao dịch
xxxxxxxx05,655916244501754,59,"PREMB_10.53.93.127:9080, MB_10.53.93.68:8081",iPhone 11,IOS,15.6.1,5218,2D5150CD-3373-4657-8288-0F6AE4D36D3A1639559807,Success,2023-10-19 16:28:03,2023-10-19 16:28:03,27.67.16.209:24934|10.53.54.91_Prod,00,Thành công,INFO-00,,59,Lấy thông tin version,Sử dụng thông thường,Lấy thông tin dịch vụ
xxxxxxxx05,74813577819269,31,"PREMB_10.53.93.60:9080, MB_10.53.93.66:8081",iPhone 11,IOS,15.6.1,5218,2D5150CD-3373-4657-8288-0F6AE4D36D3A1639559807,Success,2023-10-19 16:28:03,2023-10-19 16:28:03,27.67.16.209:37008|10.53.54.83_Prod,00,Thành công,INFO-00,,31,Lấy danh sách Banner ,Sử dụng thông thường,Dịch vụ tùy biến ứng dụng
xxxxxxxx05,391911522389935,33,"PREMB_10.53.93.60:9080, MB_10.53.93.135:8081",iPhone 11,IOS,15.6.1,5218,2D5150CD-3373-4657-8288-0F6AE4D36D3A1639559807,Success,2023-10-19 16:28:03,2023-10-19 16:28:03,27.67.16.209:24834|10.53.54.89_Prod,00,Thành công,INFO-00,,33,Lấy giá trị configs,Sử dụng thông thường,Dịch vụ tùy biến ứng dụng
xxxxxxxx05,513626105503371,1,"PREMB_10.53.93.59:9080, MB_10.53.93.68:8081",iPhone 11,IOS,15.6.1,5218,2D5150CD-3373-4657-8288-0F6AE4D36D3A1639559807,Success,2023-10-19 16:28:02,2023-10-19 16:28:02,27.67.16.209:22813|10.53.54.89_Prod,777,"BIDV đã tích hợp phương thức xác thực Smart OTP trên SmartBanking đối với kênh Mobile và Internet cho phép Quý khách sử dụng và xác thực giao dịch thuận tiện, bảo mật với mã OTP. Quý khách vui lòng cài đặt Smart OTP và đặt mã PIN để bảo mật mã OTP khi xác thực giao dịch",AUTOACTIVESOTP-777,,1,Đăng nhập,Xác thực và Bảo mật,Đăng nhập
xxxxxxxx05,195970648033429,103,"PREMB_10.53.93.62:9080, MB_10.53.93.78:8085",iPhone 11,IOS,15.6.1,5218,2D5150CD-3373-4657-8288-0F6AE4D36D3A1639559807,Success,2023-10-19 08:26:16,2023-10-19 08:26:15,27.67.24.122:28285|10.53.54.80_Prod,00,Success,INFO-00,,103,Xác thực chuyển khoản 247 tới số tài khoản,Chuyển tiền,Dịch vụ chuyển khoản 247
xxxxxxxx05,73709833306802,102,"PREMB_10.53.93.116:9080, MB_10.53.93.77:8085",iPhone 11,IOS,15.6.1,5218,2D5150CD-3373-4657-8288-0F6AE4D36D3A1639559807,Success,2023-10-19 08:26:10,2023-10-19 08:26:09,27.67.24.122:49831|10.53.54.88_Prod,00,Thành công,INFO-00,,102,Khởi tạo chuyển khoản 247 tới số tài khoản,Chuyển tiền,Dịch vụ chuyển khoản 247
xxxxxxxx05,466026736584983,33,"PREMB_10.53.93.134:9080, MB_10.53.93.68:8081",iPhone 11,IOS,15.6.1,5218,2D5150CD-3373-4657-8288-0F6AE4D36D3A1639559807,Success,2023-10-19 08:25:52,2023-10-19 08:25:52,27.67.24.122:59703|10.53.54.89_Prod,00,Thành công,INFO-00,,33,Lấy giá trị configs,Sử dụng thông thường,Dịch vụ tùy biến ứng dụng
xxxxxxxx05,213052182973269,225,"PREMB_10.53.93.56:9080, MB_10.53.93.84:8082",iPhone 11,IOS,15.6.1,5218,2D5150CD-3373-4657-8288-0F6AE4D36D3A1639559807,Success,2023-10-19 08:25:52,2023-10-19 08:25:52,27.67.24.122:2655|10.53.54.82_Prod,00,Thành công,00,,225,Lấy danh sách mẫu chuyển tiền,Danh bạ / mẫu,Dịch vụ mẫu chuyển tiền
xxxxxxxx05,723255323382976,201,"PREMB_10.53.93.61:9080, MB_10.53.93.77:8085",iPhone 11,IOS,15.6.1,5218,2D5150CD-3373-4657-8288-0F6AE4D36D3A1639559807,Success,2023-10-19 08:25:50,2023-10-19 08:25:50,27.67.24.122:44520|10.53.54.78_Prod,00,Thành công,00,,201,"Lấy thông tin tài khoản,thẻ chuyển khoản 247",Lấy thông tin,Lấy thông tin giao dịch
xxxxxxxx05,314087827871921,10,"PREMB_10.53.93.64:9080, MB_10.53.93.71:8088",iPhone 11,IOS,15.6.1,5218,2D5150CD-3373-4657-8288-0F6AE4D36D3A1639559807,Success,2023-10-19 08:25:36,2023-10-19 08:25:36,27.67.24.122:16619|10.53.54.87_Prod,00,Thành công,INFO-00,,10,Lấy danh sách tài khoản,Sử dụng thông thường,Lấy thông tin giao dịch
xxxxxxxx05,254055248182053,10,"PREMB_10.53.93.65:9080, MB_10.53.93.71:8088",iPhone 11,IOS,15.6.1,5218,2D5150CD-3373-4657-8288-0F6AE4D36D3A1639559807,Success,2023-10-19 08:25:36,2023-10-19 08:25:35,27.67.24.122:15999|10.53.54.72_Prod,00,Thành công,INFO-00,,10,Lấy danh sách tài khoản,Sử dụng thông thường,Lấy thông tin giao dịch
xxxxxxxx05,453068269919854,59,"PREMB_10.53.93.55:9080, MB_10.53.93.68:8081",iPhone 11,IOS,15.6.1,5218,2D5150CD-3373-4657-8288-0F6AE4D36D3A1639559807,Success,2023-10-19 08:25:34,2023-10-19 08:25:34,27.67.24.122:18290|10.53.54.82_Prod,00,Thành công,INFO-00,,59,Lấy thông tin version,Sử dụng thông thường,Lấy thông tin dịch vụ
xxxxxxxx05,806841061019912,31,"PREMB_10.53.93.134:9080, MB_10.53.93.66:8081",iPhone 11,IOS,15.6.1,5218,2D5150CD-3373-4657-8288-0F6AE4D36D3A1639559807,Success,2023-10-19 08:25:34,2023-10-19 08:25:34,27.67.24.122:6994|10.53.54.89_Prod,00,Thành công,INFO-00,,31,Lấy danh sách Banner ,Sử dụng thông thường,Dịch vụ tùy biến ứng dụng
xxxxxxxx05,152550394591310,1,"PREMB_10.53.93.60:9080, MB_10.53.93.66:8081",iPhone 11,IOS,15.6.1,5218,2D5150CD-3373-4657-8288-0F6AE4D36D3A1639559807,Success,2023-10-19 08:25:34,2023-10-19 08:25:34,27.67.24.122:6114|10.53.54.83_Prod,777,"BIDV đã tích hợp phương thức xác thực Smart OTP trên SmartBanking đối với kênh Mobile và Internet cho phép Quý khách sử dụng và xác thực giao dịch thuận tiện, bảo mật với mã OTP. Quý khách vui lòng cài đặt Smart OTP và đặt mã PIN để bảo mật mã OTP khi xác thực giao dịch",AUTOACTIVESOTP-777,,1,Đăng nhập,Xác thực và Bảo mật,Đăng nhập
xxxxxxxx05,186623878549986,33,"PREMB_10.53.93.134:9080, MB_10.53.93.68:8081",iPhone 11,IOS,15.6.1,5218,2D5150CD-3373-4657-8288-0F6AE4D36D3A1639559807,Success,2023-10-19 08:25:26,2023-10-19 08:25:25,27.67.24.122:17716|10.53.54.83_Prod,00,Thành công,INFO-00,,33,Lấy giá trị configs,Sử dụng thông thường,Dịch vụ tùy biến ứng dụng
xxxxxxxx05,21169990001232,31,"PREMB_10.53.93.60:9080, MB_10.53.93.67:8081",iPhone 11,IOS,15.6.1,5218,2D5150CD-3373-4657-8288-0F6AE4D36D3A1639559807,Success,2023-10-19 08:25:21,2023-10-19 08:25:21,27.67.24.122:58900|10.53.54.89_Prod,00,Thành công,INFO-00,,31,Lấy danh sách Banner ,Sử dụng thông thường,Dịch vụ tùy biến ứng dụng
xxxxxxxx05,341749244340640,103,"PREMB_10.53.93.116:9080, MB_10.53.93.78:8085",iPhone 11,IOS,15.6.1,5218,2D5150CD-3373-4657-8288-0F6AE4D36D3A1639559807,Success,2023-10-19 07:40:11,2023-10-19 07:40:11,14.175.3.250:45590|10.53.54.88_Prod,00,Success,INFO-00,,103,Xác thực chuyển khoản 247 tới số tài khoản,Chuyển tiền,Dịch vụ chuyển khoản 247
xxxxxxxx05,857819085844538,102,"PREMB_10.53.93.62:9080, MB_10.53.93.121:8085",iPhone 11,IOS,15.6.1,5218,2D5150CD-3373-4657-8288-0F6AE4D36D3A1639559807,Success,2023-10-19 07:40:07,2023-10-19 07:40:07,14.175.3.250:14589|10.53.54.78_Prod,00,Thành công,INFO-00,,102,Khởi tạo chuyển khoản 247 tới số tài khoản,Chuyển tiền,Dịch vụ chuyển khoản 247
xxxxxxxx05,939697799528582,225,"PREMB_10.53.93.127:9080, MB_10.53.93.84:8082",iPhone 11,IOS,15.6.1,5218,2D5150CD-3373-4657-8288-0F6AE4D36D3A1639559807,Success,2023-10-19 07:40:00,2023-10-19 07:40:00,14.175.3.250:16858|10.53.54.91_Prod,00,Thành công,00,,225,Lấy danh sách mẫu chuyển tiền,Danh bạ / mẫu,Dịch vụ mẫu chuyển tiền
xxxxxxxx05,134773808337835,33,"PREMB_10.53.93.60:9080, MB_10.53.93.66:8081",iPhone 11,IOS,15.6.1,5218,2D5150CD-3373-4657-8288-0F6AE4D36D3A1639559807,Success,2023-10-19 07:40:00,2023-10-19 07:40:00,14.175.3.250:52717|10.53.54.89_Prod,00,Thành công,INFO-00,,33,Lấy giá trị configs,Sử dụng thông thường,Dịch vụ tùy biến ứng dụng
xxxxxxxx05,401483033477444,33,"PREMB_10.53.93.134:9080, MB_10.53.93.66:8081",iPhone 11,IOS,15.6.1,5218,2D5150CD-3373-4657-8288-0F6AE4D36D3A1639559807,Success,2023-10-19 07:40:00,2023-10-19 07:40:00,14.175.3.250:57536|10.53.54.83_Prod,00,Thành công,INFO-00,,33,Lấy giá trị configs,Sử dụng thông thường,Dịch vụ tùy biến ứng dụng
xxxxxxxx05,279257291170065,10,"PREMB_10.53.93.63:9080, MB_10.53.93.69:8088",iPhone 11,IOS,15.6.1,5218,2D5150CD-3373-4657-8288-0F6AE4D36D3A1639559807,Success,2023-10-19 07:39:57,2023-10-19 07:39:57,14.175.3.250:19364|10.53.54.87_Prod,00,Thành công,INFO-00,,10,Lấy danh sách tài khoản,Sử dụng thông thường,Lấy thông tin giao dịch
xxxxxxxx05,281254631379666,202,"PREMB_10.53.93.54:9080, MB_10.53.93.75:8083",iPhone 11,IOS,15.6.1,5218,2D5150CD-3373-4657-8288-0F6AE4D36D3A1639559807,Success,2023-10-19 07:39:57,2023-10-19 07:39:57,14.175.3.250:28953|10.53.54.82_Prod,00,Success,00,,202,Lấy danh sách ngân hàng ck ngoài,Lấy thông tin,Lấy thông tin giao dịch
xxxxxxxx05,416827574706714,10,"PREMB_10.53.93.65:9080, MB_10.53.93.70:8088",iPhone 11,IOS,15.6.1,5218,2D5150CD-3373-4657-8288-0F6AE4D36D3A1639559807,Success,2023-10-19 07:39:56,2023-10-19 07:39:56,14.175.3.250:36122|10.53.54.87_Prod,00,Thành công,INFO-00,,10,Lấy danh sách tài khoản,Sử dụng thông thường,Lấy thông tin giao dịch
xxxxxxxx05,408804084893613,59,"PREMB_10.53.93.55:9080, MB_10.53.93.68:8081",iPhone 11,IOS,15.6.1,5218,2D5150CD-3373-4657-8288-0F6AE4D36D3A1639559807,Success,2023-10-19 07:39:56,2023-10-19 07:39:56,14.175.3.250:12568|10.53.54.81_Prod,00,Thành công,INFO-00,,59,Lấy thông tin version,Sử dụng thông thường,Lấy thông tin dịch vụ
xxxxxxxx05,359186648955309,31,"PREMB_10.53.93.59:9080, MB_10.53.93.135:8081",iPhone 11,IOS,15.6.1,5218,2D5150CD-3373-4657-8288-0F6AE4D36D3A1639559807,Success,2023-10-19 07:39:56,2023-10-19 07:39:56,14.175.3.250:49597|10.53.54.83_Prod,00,Thành công,INFO-00,,31,Lấy danh sách Banner ,Sử dụng thông thường,Dịch vụ tùy biến ứng dụng
xxxxxxxx05,186530153094694,1,"PREMB_10.53.93.59:9080, MB_10.53.93.135:8081",iPhone 11,IOS,15.6.1,5218,2D5150CD-3373-4657-8288-0F6AE4D36D3A1639559807,Success,2023-10-19 07:39:55,2023-10-19 07:39:55,14.175.3.250:23515|10.53.54.83_Prod,777,"BIDV đã tích hợp phương thức xác thực Smart OTP trên SmartBanking đối với kênh Mobile và Internet cho phép Quý khách sử dụng và xác thực giao dịch thuận tiện, bảo mật với mã OTP. Quý khách vui lòng cài đặt Smart OTP và đặt mã PIN để bảo mật mã OTP khi xác thực giao dịch",AUTOACTIVESOTP-777,,1,Đăng nhập,Xác thực và Bảo mật,Đăng nhập
xxxxxxxx05,950614679554843,33,"PREMB_10.53.93.59:9080, MB_10.53.93.66:8081",iPhone 11,IOS,15.6.1,5218,2D5150CD-3373-4657-8288-0F6AE4D36D3A1639559807,Success,2023-10-19 07:39:28,2023-10-19 07:39:28,14.175.3.250:45178|10.53.54.83_Prod,00,Thành công,INFO-00,,33,Lấy giá trị configs,Sử dụng thông thường,Dịch vụ tùy biến ứng dụng
xxxxxxxx05,165668602651547,31,"PREMB_10.53.93.60:9080, MB_10.53.93.67:8081",iPhone 11,IOS,15.6.1,5218,2D5150CD-3373-4657-8288-0F6AE4D36D3A1639559807,Success,2023-10-19 07:39:28,2023-10-19 07:39:28,14.175.3.250:28857|10.53.54.89_Prod,00,Thành công,INFO-00,,31,Lấy danh sách Banner ,Sử dụng thông thường,Dịch vụ tùy biến ứng dụng
xxxxxxxx71,827547429223873,103,"PREMB_10.53.93.117:9080, MB_10.53.93.118:8085",iPhone 7 Plus,IOS,15.7.2,5218,42B8F02A-C249-483D-9312-072C8F4DB0E21614350157,Success,2023-10-19 12:44:50,2023-10-19 12:44:49,1.53.54.228:11494|10.53.54.78_Prod,00,Success,INFO-00,,103,Xác thực chuyển khoản 247 tới số tài khoản,Chuyển tiền,Dịch vụ chuyển khoản 247
xxxxxxxx71,991240436073142,102,"PREMB_10.53.93.127:9080, MB_10.53.93.121:8085",iPhone 7 Plus,IOS,15.7.2,5218,42B8F02A-C249-483D-9312-072C8F4DB0E21614350157,Success,2023-10-19 12:44:45,2023-10-19 12:44:44,1.53.54.228:4364|10.53.54.81_Prod,00,Thành công,INFO-00,,102,Khởi tạo chuyển khoản 247 tới số tài khoản,Chuyển tiền,Dịch vụ chuyển khoản 247
xxxxxxxx71,109578890562511,33,"PREMB_10.53.93.59:9080, MB_10.53.93.66:8081",iPhone 7 Plus,IOS,15.7.2,5218,42B8F02A-C249-483D-9312-072C8F4DB0E21614350157,Success,2023-10-19 12:44:32,2023-10-19 12:44:32,1.53.54.228:36145|10.53.54.89_Prod,00,Thành công,INFO-00,,33,Lấy giá trị configs,Sử dụng thông thường,Dịch vụ tùy biến ứng dụng
xxxxxxxx71,424687516955774,201,"PREMB_10.53.93.61:9080, MB_10.53.93.78:8085",iPhone 7 Plus,IOS,15.7.2,5218,42B8F02A-C249-483D-9312-072C8F4DB0E21614350157,Success,2023-10-19 12:44:31,2023-10-19 12:44:31,1.53.54.228:30932|10.53.54.80_Prod,00,Thành công,00,,201,"Lấy thông tin tài khoản,thẻ chuyển khoản 247",Lấy thông tin,Lấy thông tin giao dịch
xxxxxxxx71,35763969952628,10,"PREMB_10.53.93.65:9080, MB_10.53.93.73:8088",iPhone 7 Plus,IOS,15.7.2,5218,42B8F02A-C249-483D-9312-072C8F4DB0E21614350157,Success,2023-10-19 12:44:27,2023-10-19 12:44:27,1.53.54.228:25572|10.53.54.72_Prod,00,Thành công,INFO-00,,10,Lấy danh sách tài khoản,Sử dụng thông thường,Lấy thông tin giao dịch
xxxxxxxx71,542537157969719,10,"PREMB_10.53.93.64:9080, MB_10.53.93.72:8088",iPhone 7 Plus,IOS,15.7.2,5218,42B8F02A-C249-483D-9312-072C8F4DB0E21614350157,Success,2023-10-19 12:44:25,2023-10-19 12:44:25,1.53.54.228:61703|10.53.54.72_Prod,00,Thành công,INFO-00,,10,Lấy danh sách tài khoản,Sử dụng thông thường,Lấy thông tin giao dịch
xxxxxxxx71,457881864409016,59,"PREMB_10.53.93.127:9080, MB_10.53.93.67:8081",iPhone 7 Plus,IOS,15.7.2,5218,42B8F02A-C249-483D-9312-072C8F4DB0E21614350157,Success,2023-10-19 12:44:25,2023-10-19 12:44:25,1.53.54.228:19640|10.53.54.81_Prod,00,Thành công,INFO-00,,59,Lấy thông tin version,Sử dụng thông thường,Lấy thông tin dịch vụ
xxxxxxxx71,616816775654201,31,"PREMB_10.53.93.134:9080, MB_10.53.93.67:8081",iPhone 7 Plus,IOS,15.7.2,5218,42B8F02A-C249-483D-9312-072C8F4DB0E21614350157,Success,2023-10-19 12:44:25,2023-10-19 12:44:25,1.53.54.228:47588|10.53.54.83_Prod,00,Thành công,INFO-00,,31,Lấy danh sách Banner ,Sử dụng thông thường,Dịch vụ tùy biến ứng dụng
xxxxxxxx71,482083855532773,33,"PREMB_10.53.93.60:9080, MB_10.53.93.66:8081",iPhone 7 Plus,IOS,15.7.2,5218,42B8F02A-C249-483D-9312-072C8F4DB0E21614350157,Success,2023-10-19 12:44:25,2023-10-19 12:44:25,1.53.54.228:47671|10.53.54.83_Prod,00,Thành công,INFO-00,,33,Lấy giá trị configs,Sử dụng thông thường,Dịch vụ tùy biến ứng dụng
xxxxxxxx71,255564106034225,1,"PREMB_10.53.93.134:9080, MB_10.53.93.135:8081",iPhone 7 Plus,IOS,15.7.2,5218,42B8F02A-C249-483D-9312-072C8F4DB0E21614350157,Success,2023-10-19 12:44:25,2023-10-19 12:44:25,1.53.54.228:59016|10.53.54.89_Prod,777,"BIDV đã tích hợp phương thức xác thực Smart OTP trên SmartBanking đối với kênh Mobile và Internet cho phép Quý khách sử dụng và xác thực giao dịch thuận tiện, bảo mật với mã OTP. Quý khách vui lòng cài đặt Smart OTP và đặt mã PIN để bảo mật mã OTP khi xác thực giao dịch",AUTOACTIVESOTP-777,,1,Đăng nhập,Xác thực và Bảo mật,Đăng nhập
xxxxxxxx71,461283903864632,103,"PREMB_10.53.93.116:9080, MB_10.53.93.118:8085",iPhone 7 Plus,IOS,15.7.2,5218,42B8F02A-C249-483D-9312-072C8F4DB0E21614350157,Success,2023-10-19 08:05:42,2023-10-19 08:05:40,1.53.54.228:28306|10.53.54.78_Prod,00,Success,INFO-00,,103,Xác thực chuyển khoản 247 tới số tài khoản,Chuyển tiền,Dịch vụ chuyển khoản 247
xxxxxxxx71,247508763425995,102,"PREMB_10.53.93.56:9080, MB_10.53.93.119:8085",iPhone 7 Plus,IOS,15.7.2,5218,42B8F02A-C249-483D-9312-072C8F4DB0E21614350157,Success,2023-10-19 08:05:36,2023-10-19 08:05:36,1.53.54.228:63825|10.53.54.81_Prod,00,Thành công,INFO-00,,102,Khởi tạo chuyển khoản 247 tới số tài khoản,Chuyển tiền,Dịch vụ chuyển khoản 247
xxxxxxxx71,188100081110915,33,"PREMB_10.53.93.59:9080, MB_10.53.93.67:8081",iPhone 7 Plus,IOS,15.7.2,5218,42B8F02A-C249-483D-9312-072C8F4DB0E21614350157,Success,2023-10-19 08:05:18,2023-10-19 08:05:18,1.53.54.228:18258|10.53.54.83_Prod,00,Thành công,INFO-00,,33,Lấy giá trị configs,Sử dụng thông thường,Dịch vụ tùy biến ứng dụng
xxxxxxxx71,953610063339741,33,"PREMB_10.53.93.60:9080, MB_10.53.93.67:8081",iPhone 7 Plus,IOS,15.7.2,5218,42B8F02A-C249-483D-9312-072C8F4DB0E21614350157,Success,2023-10-19 08:05:18,2023-10-19 08:05:18,1.53.54.228:41140|10.53.54.89_Prod,00,Thành công,INFO-00,,33,Lấy giá trị configs,Sử dụng thông thường,Dịch vụ tùy biến ứng dụng
xxxxxxxx71,398309718414605,10,"PREMB_10.53.93.63:9080, MB_10.53.93.71:8088",iPhone 7 Plus,IOS,15.7.2,5218,42B8F02A-C249-483D-9312-072C8F4DB0E21614350157,Success,2023-10-19 08:05:15,2023-10-19 08:05:14,1.53.54.228:56546|10.53.54.87_Prod,00,Thành công,INFO-00,,10,Lấy danh sách tài khoản,Sử dụng thông thường,Lấy thông tin giao dịch
xxxxxxxx71,896299673129451,202,"PREMB_10.53.93.56:9080, MB_10.53.93.75:8083",iPhone 7 Plus,IOS,15.7.2,5218,42B8F02A-C249-483D-9312-072C8F4DB0E21614350157,Success,2023-10-19 08:05:14,2023-10-19 08:05:14,1.53.54.228:36460|10.53.54.81_Prod,00,Success,00,,202,Lấy danh sách ngân hàng ck ngoài,Lấy thông tin,Lấy thông tin giao dịch
xxxxxxxx71,409708557807979,10,"PREMB_10.53.93.136:9080, MB_10.53.93.71:8088",iPhone 7 Plus,IOS,15.7.2,5218,42B8F02A-C249-483D-9312-072C8F4DB0E21614350157,Success,2023-10-19 08:05:14,2023-10-19 08:05:14,1.53.54.228:41884|10.53.54.72_Prod,00,Thành công,INFO-00,,10,Lấy danh sách tài khoản,Sử dụng thông thường,Lấy thông tin giao dịch
xxxxxxxx71,847657556614593,59,"PREMB_10.53.93.54:9080, MB_10.53.93.68:8081",iPhone 7 Plus,IOS,15.7.2,5218,42B8F02A-C249-483D-9312-072C8F4DB0E21614350157,Success,2023-10-19 08:05:12,2023-10-19 08:05:12,1.53.54.228:15801|10.53.54.82_Prod,00,Thành công,INFO-00,,59,Lấy thông tin version,Sử dụng thông thường,Lấy thông tin dịch vụ
xxxxxxxx71,396351694867843,31,"PREMB_10.53.93.59:9080, MB_10.53.93.135:8081",iPhone 7 Plus,IOS,15.7.2,5218,42B8F02A-C249-483D-9312-072C8F4DB0E21614350157,Success,2023-10-19 08:05:11,2023-10-19 08:05:11,1.53.54.228:29332|10.53.54.83_Prod,00,Thành công,INFO-00,,31,Lấy danh sách Banner ,Sử dụng thông thường,Dịch vụ tùy biến ứng dụng
xxxxxxxx71,805934811424578,1,"PREMB_10.53.93.60:9080, MB_10.53.93.135:8081",iPhone 7 Plus,IOS,15.7.2,5218,42B8F02A-C249-483D-9312-072C8F4DB0E21614350157,Success,2023-10-19 08:05:11,2023-10-19 08:05:11,1.53.54.228:31250|10.53.54.89_Prod,777,"BIDV đã tích hợp phương thức xác thực Smart OTP trên SmartBanking đối với kênh Mobile và Internet cho phép Quý khách sử dụng và xác thực giao dịch thuận tiện, bảo mật với mã OTP. Quý khách vui lòng cài đặt Smart OTP và đặt mã PIN để bảo mật mã OTP khi xác thực giao dịch",AUTOACTIVESOTP-777,,1,Đăng nhập,Xác thực và Bảo mật,Đăng nhập
xxxxxxxx71,720158385243563,31,"PREMB_10.53.93.134:9080, MB_10.53.93.68:8081",iPhone 7 Plus,IOS,15.7.2,5218,42B8F02A-C249-483D-9312-072C8F4DB0E21614350157,Success,2023-10-19 08:05:07,2023-10-19 08:05:07,1.53.54.228:65498|10.53.54.89_Prod,00,Thành công,INFO-00,,31,Lấy danh sách Banner ,Sử dụng thông thường,Dịch vụ tùy biến ứng dụng
xxxxxxxx71,185661540605482,33,"PREMB_10.53.93.60:9080, MB_10.53.93.67:8081",iPhone 7 Plus,IOS,15.7.2,5218,42B8F02A-C249-483D-9312-072C8F4DB0E21614350157,Success,2023-10-19 08:05:05,2023-10-19 08:05:05,1.53.54.228:28664|10.53.54.89_Prod,00,Thành công,INFO-00,,33,Lấy giá trị configs,Sử dụng thông thường,Dịch vụ tùy biến ứng dụng
xxxxxxxx59,74373157918863,59,"PREMB_10.53.93.55:9080, MB_10.53.93.67:8081",SM-N980F,ANDROID,33,5.2.20,###cc6ebd61e04669d5###00000000-4eb6-8dd9-ffff-ffffef05ac4a,Success,2023-10-19 16:37:53,2023-10-19 16:37:53,58.187.67.15:45376|10.53.54.91_Prod,00,Thành công,INFO-00,,59,Lấy thông tin version,Sử dụng thông thường,Lấy thông tin dịch vụ
xxxxxxxx59,130659898288929,9,"PREMB_10.53.93.134:9080, MB_10.53.93.67:8081",SM-N980F,ANDROID,33,5.2.20,###cc6ebd61e04669d5###00000000-4eb6-8dd9-ffff-ffffef05ac4a,Success,2023-10-19 16:37:53,2023-10-19 16:37:53,58.187.67.15:16183|10.53.54.89_Prod,00,Thành công,INFO-00,,9,Logout,Xác thực và Bảo mật,Đăng xuất
xxxxxxxx59,982541833042679,10,"PREMB_10.53.93.65:9080, MB_10.53.93.71:8088",SM-N980F,ANDROID,33,5.2.20,###cc6ebd61e04669d5###00000000-4eb6-8dd9-ffff-ffffef05ac4a,Success,2023-10-19 16:37:09,2023-10-19 16:37:09,58.187.67.15:17603|10.53.54.72_Prod,00,Thành công,INFO-00,,10,Lấy danh sách tài khoản,Sử dụng thông thường,Lấy thông tin giao dịch
xxxxxxxx59,683836488866337,202,"PREMB_10.53.93.54:9080, MB_10.53.93.137:8083",SM-N980F,ANDROID,33,5.2.20,###cc6ebd61e04669d5###00000000-4eb6-8dd9-ffff-ffffef05ac4a,Success,2023-10-19 16:37:09,2023-10-19 16:37:09,58.187.67.15:46610|10.53.54.91_Prod,00,Success,00,,202,Lấy danh sách ngân hàng ck ngoài,Lấy thông tin,Lấy thông tin giao dịch
xxxxxxxx59,740638578764265,59,"PREMB_10.53.93.54:9080, MB_10.53.93.67:8081",SM-N980F,ANDROID,33,5.2.20,###cc6ebd61e04669d5###00000000-4eb6-8dd9-ffff-ffffef05ac4a,Success,2023-10-19 16:37:07,2023-10-19 16:37:07,58.187.67.15:48392|10.53.54.82_Prod,00,Thành công,INFO-00,,59,Lấy thông tin version,Sử dụng thông thường,Lấy thông tin dịch vụ
xxxxxxxx59,886004726754072,1,"PREMB_10.53.93.59:9080, MB_10.53.93.66:8081",SM-N980F,ANDROID,33,5.2.20,###cc6ebd61e04669d5###00000000-4eb6-8dd9-ffff-ffffef05ac4a,Success,2023-10-19 16:37:07,2023-10-19 16:37:07,58.187.67.15:58169|10.53.54.83_Prod,777,"BIDV đã tích hợp phương thức xác thực Smart OTP trên SmartBanking đối với kênh Mobile và Internet cho phép Quý khách sử dụng và xác thực giao dịch thuận tiện, bảo mật với mã OTP. Quý khách vui lòng cài đặt Smart OTP và đặt mã PIN để bảo mật mã OTP khi xác thực giao dịch",AUTOACTIVESOTP-777,,1,Đăng nhập,Xác thực và Bảo mật,Đăng nhập
xxxxxxxx59,558311703700642,59,"PREMB_10.53.93.56:9080, MB_10.53.93.135:8081",SM-N980F,ANDROID,33,5.2.20,###cc6ebd61e04669d5###00000000-4eb6-8dd9-ffff-ffffef05ac4a,Success,2023-10-19 16:36:58,2023-10-19 16:36:58,58.187.67.15:21750|10.53.54.91_Prod,00,Thành công,INFO-00,,59,Lấy thông tin version,Sử dụng thông thường,Lấy thông tin dịch vụ
xxxxxxxx59,727972829976262,31,"PREMB_10.53.93.134:9080, MB_10.53.93.66:8081",SM-N980F,ANDROID,33,5.2.20,###cc6ebd61e04669d5###00000000-4eb6-8dd9-ffff-ffffef05ac4a,Success,2023-10-19 16:36:58,2023-10-19 16:36:58,58.187.67.15:21660|10.53.54.83_Prod,00,Thành công,INFO-00,,31,Lấy danh sách Banner ,Sử dụng thông thường,Dịch vụ tùy biến ứng dụng
xxxxxxxx59,193702420179322,59,"PREMB_10.53.93.55:9080, MB_10.53.93.67:8081",SM-N980F,ANDROID,33,5.2.20,###cc6ebd61e04669d5###00000000-4eb6-8dd9-ffff-ffffef05ac4a,Success,2023-10-19 09:49:39,2023-10-19 09:49:39,115.76.60.170:19459|10.53.54.81_Prod,00,Thành công,INFO-00,,59,Lấy thông tin version,Sử dụng thông thường,Lấy thông tin dịch vụ
xxxxxxxx59,836737416694888,31,"PREMB_10.53.93.60:9080, MB_10.53.93.66:8081",SM-N980F,ANDROID,33,5.2.20,###cc6ebd61e04669d5###00000000-4eb6-8dd9-ffff-ffffef05ac4a,Success,2023-10-19 09:49:39,2023-10-19 09:49:39,115.76.60.170:49628|10.53.54.89_Prod,00,Thành công,INFO-00,,31,Lấy danh sách Banner ,Sử dụng thông thường,Dịch vụ tùy biến ứng dụng
